,ex_name,market,ticker,quote,base_asset
0,binance,spot,ETH/BTC,ETH,BTC
1,binance,spot,LTC/BTC,LTC,BTC
2,binance,spot,BNB/BTC,BNB,BTC
3,binance,spot,NEO/BTC,NEO,BTC
4,binance,spot,QTUM/ETH,QTUM,ETH
5,binance,spot,EOS/ETH,EOS,ETH
6,binance,spot,SNT/ETH,SNT,ETH
7,binance,spot,BNT/ETH,BNT,ETH
8,binance,spot,GAS/BTC,GAS,BTC
9,binance,spot,BNB/ETH,BNB,ETH
10,binance,spot,BTC/USDT,BTC,USDT
11,binance,spot,ETH/USDT,ETH,USDT
12,binance,spot,WTC/BTC,WTC,BTC
13,binance,spot,LRC/BTC,LRC,BTC
14,binance,spot,LRC/ETH,LRC,ETH
15,binance,spot,QTUM/BTC,QTUM,BTC
16,binance,spot,OMG/BTC,OMG,BTC
17,binance,spot,OMG/ETH,OMG,ETH
18,binance,spot,ZRX/BTC,ZRX,BTC
19,binance,spot,ZRX/ETH,ZRX,ETH
20,binance,spot,KNC/BTC,KNC,BTC
21,binance,spot,KNC/ETH,KNC,ETH
22,binance,spot,FUN/ETH,FUN,ETH
23,binance,spot,SNM/BTC,SNM,BTC
24,binance,spot,NEO/ETH,NEO,ETH
25,binance,spot,IOTA/BTC,IOTA,BTC
26,binance,spot,IOTA/ETH,IOTA,ETH
27,binance,spot,LINK/BTC,LINK,BTC
28,binance,spot,LINK/ETH,LINK,ETH
29,binance,spot,XVG/ETH,XVG,ETH
30,binance,spot,MTL/BTC,MTL,BTC
31,binance,spot,MTL/ETH,MTL,ETH
32,binance,spot,EOS/BTC,EOS,BTC
33,binance,spot,SNT/BTC,SNT,BTC
34,binance,spot,ETC/ETH,ETC,ETH
35,binance,spot,ETC/BTC,ETC,BTC
36,binance,spot,ZEC/BTC,ZEC,BTC
37,binance,spot,ZEC/ETH,ZEC,ETH
38,binance,spot,BNT/BTC,BNT,BTC
39,binance,spot,AST/BTC,AST,BTC
40,binance,spot,DASH/BTC,DASH,BTC
41,binance,spot,DASH/ETH,DASH,ETH
42,binance,spot,OAX/BTC,OAX,BTC
43,binance,spot,REQ/BTC,REQ,BTC
44,binance,spot,VIB/BTC,VIB,BTC
45,binance,spot,VIB/ETH,VIB,ETH
46,binance,spot,TRX/BTC,TRX,BTC
47,binance,spot,TRX/ETH,TRX,ETH
48,binance,spot,POWR/BTC,POWR,BTC
49,binance,spot,POWR/ETH,POWR,ETH
50,binance,spot,XRP/BTC,XRP,BTC
51,binance,spot,XRP/ETH,XRP,ETH
52,binance,spot,ENJ/BTC,ENJ,BTC
53,binance,spot,ENJ/ETH,ENJ,ETH
54,binance,spot,STORJ/BTC,STORJ,BTC
55,binance,spot,BNB/USDT,BNB,USDT
56,binance,spot,KMD/BTC,KMD,BTC
57,binance,spot,NULS/BTC,NULS,BTC
58,binance,spot,XMR/BTC,XMR,BTC
59,binance,spot,XMR/ETH,XMR,ETH
60,binance,spot,AMB/BTC,AMB,BTC
61,binance,spot,BAT/BTC,BAT,BTC
62,binance,spot,BAT/ETH,BAT,ETH
63,binance,spot,NEO/USDT,NEO,USDT
64,binance,spot,NEO/BNB,NEO,BNB
65,binance,spot,LSK/BTC,LSK,BTC
66,binance,spot,LSK/ETH,LSK,ETH
67,binance,spot,MANA/BTC,MANA,BTC
68,binance,spot,MANA/ETH,MANA,ETH
69,binance,spot,IOTA/BNB,IOTA,BNB
70,binance,spot,ADX/BTC,ADX,BTC
71,binance,spot,ADX/ETH,ADX,ETH
72,binance,spot,ADA/BTC,ADA,BTC
73,binance,spot,ADA/ETH,ADA,ETH
74,binance,spot,XLM/BTC,XLM,BTC
75,binance,spot,XLM/ETH,XLM,ETH
76,binance,spot,XLM/BNB,XLM,BNB
77,binance,spot,WABI/BTC,WABI,BTC
78,binance,spot,LTC/ETH,LTC,ETH
79,binance,spot,LTC/USDT,LTC,USDT
80,binance,spot,LTC/BNB,LTC,BNB
81,binance,spot,WAVES/BTC,WAVES,BTC
82,binance,spot,WAVES/ETH,WAVES,ETH
83,binance,spot,WAVES/BNB,WAVES,BNB
84,binance,spot,ICX/BTC,ICX,BTC
85,binance,spot,ELF/BTC,ELF,BTC
86,binance,spot,ELF/ETH,ELF,ETH
87,binance,spot,NEBL/BTC,NEBL,BTC
88,binance,spot,RLC/BTC,RLC,BTC
89,binance,spot,RLC/ETH,RLC,ETH
90,binance,spot,PIVX/BTC,PIVX,BTC
91,binance,spot,IOST/BTC,IOST,BTC
92,binance,spot,IOST/ETH,IOST,ETH
93,binance,spot,STEEM/BTC,STEEM,BTC
94,binance,spot,STEEM/ETH,STEEM,ETH
95,binance,spot,BLZ/BTC,BLZ,BTC
96,binance,spot,ZIL/BTC,ZIL,BTC
97,binance,spot,ZIL/ETH,ZIL,ETH
98,binance,spot,ZIL/BNB,ZIL,BNB
99,binance,spot,ONT/BTC,ONT,BTC
100,binance,spot,ONT/ETH,ONT,ETH
101,binance,spot,QTUM/USDT,QTUM,USDT
102,binance,spot,WAN/BTC,WAN,BTC
103,binance,spot,WAN/ETH,WAN,ETH
104,binance,spot,QLC/BTC,QLC,BTC
105,binance,spot,SYS/BTC,SYS,BTC
106,binance,spot,ADA/USDT,ADA,USDT
107,binance,spot,ADA/BNB,ADA,BNB
108,binance,spot,LOOM/BTC,LOOM,BTC
109,binance,spot,XRP/USDT,XRP,USDT
110,binance,spot,ZEN/BTC,ZEN,BTC
111,binance,spot,ZEN/ETH,ZEN,ETH
112,binance,spot,EOS/USDT,EOS,USDT
113,binance,spot,EOS/BNB,EOS,BNB
114,binance,spot,THETA/BTC,THETA,BTC
115,binance,spot,THETA/ETH,THETA,ETH
116,binance,spot,THETA/BNB,THETA,BNB
117,binance,spot,XRP/BNB,XRP,BNB
118,binance,spot,IOTA/USDT,IOTA,USDT
119,binance,spot,XLM/USDT,XLM,USDT
120,binance,spot,IOTX/BTC,IOTX,BTC
121,binance,spot,IOTX/ETH,IOTX,ETH
122,binance,spot,QKC/BTC,QKC,BTC
123,binance,spot,QKC/ETH,QKC,ETH
124,binance,spot,ENJ/BNB,ENJ,BNB
125,binance,spot,DATA/BTC,DATA,BTC
126,binance,spot,ONT/USDT,ONT,USDT
127,binance,spot,TRX/BNB,TRX,BNB
128,binance,spot,TRX/USDT,TRX,USDT
129,binance,spot,ETC/USDT,ETC,USDT
130,binance,spot,ETC/BNB,ETC,BNB
131,binance,spot,ICX/USDT,ICX,USDT
132,binance,spot,SC/ETH,SC,ETH
133,binance,spot,DENT/ETH,DENT,ETH
134,binance,spot,ARDR/BTC,ARDR,BTC
135,binance,spot,NULS/USDT,NULS,USDT
136,binance,spot,HOT/ETH,HOT,ETH
137,binance,spot,VET/BTC,VET,BTC
138,binance,spot,VET/ETH,VET,ETH
139,binance,spot,VET/USDT,VET,USDT
140,binance,spot,VET/BNB,VET,BNB
141,binance,spot,DOCK/BTC,DOCK,BTC
142,binance,spot,RVN/BTC,RVN,BTC
143,binance,spot,DCR/BTC,DCR,BTC
144,binance,spot,BCH/BTC,BCH,BTC
145,binance,spot,BCH/USDT,BCH,USDT
146,binance,spot,REN/BTC,REN,BTC
147,binance,spot,TRX/XRP,TRX,XRP
148,binance,spot,LINK/USDT,LINK,USDT
149,binance,spot,WAVES/USDT,WAVES,USDT
150,binance,spot,ONG/BTC,ONG,BTC
151,binance,spot,ONG/USDT,ONG,USDT
152,binance,spot,HOT/USDT,HOT,USDT
153,binance,spot,ZIL/USDT,ZIL,USDT
154,binance,spot,ZRX/USDT,ZRX,USDT
155,binance,spot,FET/BNB,FET,BNB
156,binance,spot,FET/BTC,FET,BTC
157,binance,spot,FET/USDT,FET,USDT
158,binance,spot,BAT/USDT,BAT,USDT
159,binance,spot,XMR/BNB,XMR,BNB
160,binance,spot,XMR/USDT,XMR,USDT
161,binance,spot,ZEC/BNB,ZEC,BNB
162,binance,spot,ZEC/USDT,ZEC,USDT
163,binance,spot,IOST/USDT,IOST,USDT
164,binance,spot,CELR/BNB,CELR,BNB
165,binance,spot,CELR/BTC,CELR,BTC
166,binance,spot,CELR/USDT,CELR,USDT
167,binance,spot,DASH/BNB,DASH,BNB
168,binance,spot,DASH/USDT,DASH,USDT
169,binance,spot,OMG/USDT,OMG,USDT
170,binance,spot,THETA/USDT,THETA,USDT
171,binance,spot,ENJ/USDT,ENJ,USDT
172,binance,spot,MATIC/BNB,MATIC,BNB
173,binance,spot,MATIC/BTC,MATIC,BTC
174,binance,spot,MATIC/USDT,MATIC,USDT
175,binance,spot,ATOM/BNB,ATOM,BNB
176,binance,spot,ATOM/BTC,ATOM,BTC
177,binance,spot,ATOM/USDT,ATOM,USDT
178,binance,spot,PHB/BTC,PHB,BTC
179,binance,spot,TFUEL/BTC,TFUEL,BTC
180,binance,spot,TFUEL/USDT,TFUEL,USDT
181,binance,spot,ONE/BNB,ONE,BNB
182,binance,spot,ONE/BTC,ONE,BTC
183,binance,spot,ONE/USDT,ONE,USDT
184,binance,spot,FTM/BNB,FTM,BNB
185,binance,spot,FTM/BTC,FTM,BTC
186,binance,spot,FTM/USDT,FTM,USDT
187,binance,spot,ALGO/BNB,ALGO,BNB
188,binance,spot,ALGO/BTC,ALGO,BTC
189,binance,spot,ALGO/USDT,ALGO,USDT
190,binance,spot,DOGE/BTC,DOGE,BTC
191,binance,spot,DOGE/USDT,DOGE,USDT
192,binance,spot,DUSK/BTC,DUSK,BTC
193,binance,spot,DUSK/USDT,DUSK,USDT
194,binance,spot,ANKR/BNB,ANKR,BNB
195,binance,spot,ANKR/BTC,ANKR,BTC
196,binance,spot,ANKR/USDT,ANKR,USDT
197,binance,spot,WIN/BNB,WIN,BNB
198,binance,spot,WIN/USDT,WIN,USDT
199,binance,spot,COS/BNB,COS,BNB
200,binance,spot,COS/BTC,COS,BTC
201,binance,spot,COS/USDT,COS,USDT
202,binance,spot,COCOS/BNB,COCOS,BNB
203,binance,spot,COCOS/USDT,COCOS,USDT
204,binance,spot,MTL/USDT,MTL,USDT
205,binance,spot,TOMO/BTC,TOMO,BTC
206,binance,spot,TOMO/USDT,TOMO,USDT
207,binance,spot,PERL/USDT,PERL,USDT
208,binance,spot,DENT/USDT,DENT,USDT
209,binance,spot,DOCK/USDT,DOCK,USDT
210,binance,spot,WAN/USDT,WAN,USDT
211,binance,spot,FUN/USDT,FUN,USDT
212,binance,spot,WIN/TRX,WIN,TRX
213,binance,spot,CHZ/BNB,CHZ,BNB
214,binance,spot,CHZ/BTC,CHZ,BTC
215,binance,spot,CHZ/USDT,CHZ,USDT
216,binance,spot,BAND/BTC,BAND,BTC
217,binance,spot,BAND/USDT,BAND,USDT
218,binance,spot,BNB/BUSD,BNB,BUSD
219,binance,spot,BTC/BUSD,BTC,BUSD
220,binance,spot,BUSD/USDT,BUSD,USDT
221,binance,spot,XTZ/BNB,XTZ,BNB
222,binance,spot,XTZ/BTC,XTZ,BTC
223,binance,spot,XTZ/USDT,XTZ,USDT
224,binance,spot,REN/USDT,REN,USDT
225,binance,spot,RVN/USDT,RVN,USDT
226,binance,spot,HBAR/BNB,HBAR,BNB
227,binance,spot,HBAR/BTC,HBAR,BTC
228,binance,spot,HBAR/USDT,HBAR,USDT
229,binance,spot,NKN/BTC,NKN,BTC
230,binance,spot,NKN/USDT,NKN,USDT
231,binance,spot,XRP/BUSD,XRP,BUSD
232,binance,spot,ETH/BUSD,ETH,BUSD
233,binance,spot,BCH/BUSD,BCH,BUSD
234,binance,spot,LTC/BUSD,LTC,BUSD
235,binance,spot,LINK/BUSD,LINK,BUSD
236,binance,spot,ETC/BUSD,ETC,BUSD
237,binance,spot,STX/BNB,STX,BNB
238,binance,spot,STX/BTC,STX,BTC
239,binance,spot,STX/USDT,STX,USDT
240,binance,spot,KAVA/BNB,KAVA,BNB
241,binance,spot,KAVA/BTC,KAVA,BTC
242,binance,spot,KAVA/USDT,KAVA,USDT
243,binance,spot,ARPA/BNB,ARPA,BNB
244,binance,spot,ARPA/BTC,ARPA,BTC
245,binance,spot,ARPA/USDT,ARPA,USDT
246,binance,spot,TRX/BUSD,TRX,BUSD
247,binance,spot,EOS/BUSD,EOS,BUSD
248,binance,spot,IOTX/USDT,IOTX,USDT
249,binance,spot,RLC/USDT,RLC,USDT
250,binance,spot,XLM/BUSD,XLM,BUSD
251,binance,spot,ADA/BUSD,ADA,BUSD
252,binance,spot,CTXC/BTC,CTXC,BTC
253,binance,spot,CTXC/USDT,CTXC,USDT
254,binance,spot,BCH/BNB,BCH,BNB
255,binance,spot,BTC/RUB,BTC,RUB
256,binance,spot,ETH/RUB,ETH,RUB
257,binance,spot,XRP/RUB,XRP,RUB
258,binance,spot,BNB/RUB,BNB,RUB
259,binance,spot,TROY/USDT,TROY,USDT
260,binance,spot,BUSD/RUB,BUSD,RUB
261,binance,spot,QTUM/BUSD,QTUM,BUSD
262,binance,spot,VET/BUSD,VET,BUSD
263,binance,spot,VITE/BTC,VITE,BTC
264,binance,spot,VITE/USDT,VITE,USDT
265,binance,spot,BTC/TRY,BTC,TRY
266,binance,spot,BNB/TRY,BNB,TRY
267,binance,spot,BUSD/TRY,BUSD,TRY
268,binance,spot,ETH/TRY,ETH,TRY
269,binance,spot,XRP/TRY,XRP,TRY
270,binance,spot,USDT/TRY,USDT,TRY
271,binance,spot,USDT/RUB,USDT,RUB
272,binance,spot,BTC/EUR,BTC,EUR
273,binance,spot,ETH/EUR,ETH,EUR
274,binance,spot,BNB/EUR,BNB,EUR
275,binance,spot,XRP/EUR,XRP,EUR
276,binance,spot,EUR/BUSD,EUR,BUSD
277,binance,spot,EUR/USDT,EUR,USDT
278,binance,spot,OGN/BTC,OGN,BTC
279,binance,spot,OGN/USDT,OGN,USDT
280,binance,spot,DREP/BTC,DREP,BTC
281,binance,spot,DREP/USDT,DREP,USDT
282,binance,spot,WRX/BNB,WRX,BNB
283,binance,spot,WRX/BTC,WRX,BTC
284,binance,spot,WRX/USDT,WRX,USDT
285,binance,spot,ICX/BUSD,ICX,BUSD
286,binance,spot,BTS/USDT,BTS,USDT
287,binance,spot,LSK/USDT,LSK,USDT
288,binance,spot,BNT/USDT,BNT,USDT
289,binance,spot,BNT/BUSD,BNT,BUSD
290,binance,spot,LTO/BTC,LTO,BTC
291,binance,spot,LTO/USDT,LTO,USDT
292,binance,spot,ATOM/BUSD,ATOM,BUSD
293,binance,spot,DASH/BUSD,DASH,BUSD
294,binance,spot,NEO/BUSD,NEO,BUSD
295,binance,spot,WAVES/BUSD,WAVES,BUSD
296,binance,spot,XTZ/BUSD,XTZ,BUSD
297,binance,spot,BAT/BUSD,BAT,BUSD
298,binance,spot,ENJ/BUSD,ENJ,BUSD
299,binance,spot,ONT/BUSD,ONT,BUSD
300,binance,spot,RVN/BUSD,RVN,BUSD
301,binance,spot,AION/USDT,AION,USDT
302,binance,spot,MBL/USDT,MBL,USDT
303,binance,spot,COTI/BNB,COTI,BNB
304,binance,spot,COTI/BTC,COTI,BTC
305,binance,spot,COTI/USDT,COTI,USDT
306,binance,spot,ALGO/BUSD,ALGO,BUSD
307,binance,spot,TOMO/BUSD,TOMO,BUSD
308,binance,spot,XMR/BUSD,XMR,BUSD
309,binance,spot,ZEC/BUSD,ZEC,BUSD
310,binance,spot,STPT/BTC,STPT,BTC
311,binance,spot,STPT/USDT,STPT,USDT
312,binance,spot,BTC/ZAR,BTC,ZAR
313,binance,spot,ETH/ZAR,ETH,ZAR
314,binance,spot,BUSD/ZAR,BUSD,ZAR
315,binance,spot,WTC/USDT,WTC,USDT
316,binance,spot,DATA/BUSD,DATA,BUSD
317,binance,spot,DATA/USDT,DATA,USDT
318,binance,spot,SOL/BNB,SOL,BNB
319,binance,spot,SOL/BTC,SOL,BTC
320,binance,spot,SOL/USDT,SOL,USDT
321,binance,spot,SOL/BUSD,SOL,BUSD
322,binance,spot,USDT/IDRT,USDT,IDRT
323,binance,spot,CTSI/BTC,CTSI,BTC
324,binance,spot,CTSI/USDT,CTSI,USDT
325,binance,spot,CTSI/BNB,CTSI,BNB
326,binance,spot,CTSI/BUSD,CTSI,BUSD
327,binance,spot,HIVE/BTC,HIVE,BTC
328,binance,spot,HIVE/USDT,HIVE,USDT
329,binance,spot,CHR/BNB,CHR,BNB
330,binance,spot,CHR/BTC,CHR,BTC
331,binance,spot,CHR/USDT,CHR,USDT
332,binance,spot,BTCUP/USDT,BTCUP,USDT
333,binance,spot,BTCDOWN/USDT,BTCDOWN,USDT
334,binance,spot,ARDR/USDT,ARDR,USDT
335,binance,spot,HBAR/BUSD,HBAR,BUSD
336,binance,spot,MATIC/BUSD,MATIC,BUSD
337,binance,spot,WRX/BUSD,WRX,BUSD
338,binance,spot,ZIL/BUSD,ZIL,BUSD
339,binance,spot,MDT/BTC,MDT,BTC
340,binance,spot,MDT/USDT,MDT,USDT
341,binance,spot,STMX/BTC,STMX,BTC
342,binance,spot,STMX/USDT,STMX,USDT
343,binance,spot,KNC/BUSD,KNC,BUSD
344,binance,spot,KNC/USDT,KNC,USDT
345,binance,spot,LRC/BUSD,LRC,BUSD
346,binance,spot,LRC/USDT,LRC,USDT
347,binance,spot,IQ/BUSD,IQ,BUSD
348,binance,spot,PNT/USDT,PNT,USDT
349,binance,spot,BTC/GBP,BTC,GBP
350,binance,spot,ETH/GBP,ETH,GBP
351,binance,spot,XRP/GBP,XRP,GBP
352,binance,spot,BNB/GBP,BNB,GBP
353,binance,spot,GBP/BUSD,GBP,BUSD
354,binance,spot,DGB/BTC,DGB,BTC
355,binance,spot,DGB/BUSD,DGB,BUSD
356,binance,spot,BTC/UAH,BTC,UAH
357,binance,spot,USDT/UAH,USDT,UAH
358,binance,spot,COMP/BTC,COMP,BTC
359,binance,spot,COMP/BUSD,COMP,BUSD
360,binance,spot,COMP/USDT,COMP,USDT
361,binance,spot,BTC/BIDR,BTC,BIDR
362,binance,spot,ETH/BIDR,ETH,BIDR
363,binance,spot,BNB/BIDR,BNB,BIDR
364,binance,spot,BUSD/BIDR,BUSD,BIDR
365,binance,spot,USDT/BIDR,USDT,BIDR
366,binance,spot,SC/USDT,SC,USDT
367,binance,spot,ZEN/USDT,ZEN,USDT
368,binance,spot,SXP/BTC,SXP,BTC
369,binance,spot,SXP/BNB,SXP,BNB
370,binance,spot,SXP/BUSD,SXP,BUSD
371,binance,spot,SNX/BTC,SNX,BTC
372,binance,spot,SNX/BNB,SNX,BNB
373,binance,spot,SNX/BUSD,SNX,BUSD
374,binance,spot,SNX/USDT,SNX,USDT
375,binance,spot,ETHUP/USDT,ETHUP,USDT
376,binance,spot,ETHDOWN/USDT,ETHDOWN,USDT
377,binance,spot,ADAUP/USDT,ADAUP,USDT
378,binance,spot,ADADOWN/USDT,ADADOWN,USDT
379,binance,spot,LINKUP/USDT,LINKUP,USDT
380,binance,spot,LINKDOWN/USDT,LINKDOWN,USDT
381,binance,spot,VTHO/USDT,VTHO,USDT
382,binance,spot,DGB/USDT,DGB,USDT
383,binance,spot,GBP/USDT,GBP,USDT
384,binance,spot,STORJ/BUSD,STORJ,BUSD
385,binance,spot,SXP/USDT,SXP,USDT
386,binance,spot,IRIS/BTC,IRIS,BTC
387,binance,spot,MKR/BTC,MKR,BTC
388,binance,spot,MKR/USDT,MKR,USDT
389,binance,spot,MKR/BUSD,MKR,BUSD
390,binance,spot,RUNE/BNB,RUNE,BNB
391,binance,spot,RUNE/BTC,RUNE,BTC
392,binance,spot,RUNE/BUSD,RUNE,BUSD
393,binance,spot,MANA/BUSD,MANA,BUSD
394,binance,spot,DOGE/BUSD,DOGE,BUSD
395,binance,spot,ZRX/BUSD,ZRX,BUSD
396,binance,spot,DCR/USDT,DCR,USDT
397,binance,spot,STORJ/USDT,STORJ,USDT
398,binance,spot,BTC/AUD,BTC,AUD
399,binance,spot,ETH/AUD,ETH,AUD
400,binance,spot,AUD/BUSD,AUD,BUSD
401,binance,spot,FIO/BTC,FIO,BTC
402,binance,spot,FIO/BUSD,FIO,BUSD
403,binance,spot,BNBUP/USDT,BNBUP,USDT
404,binance,spot,BNBDOWN/USDT,BNBDOWN,USDT
405,binance,spot,AVA/BTC,AVA,BTC
406,binance,spot,AVA/BUSD,AVA,BUSD
407,binance,spot,IOTA/BUSD,IOTA,BUSD
408,binance,spot,MANA/USDT,MANA,USDT
409,binance,spot,XRP/AUD,XRP,AUD
410,binance,spot,BNB/AUD,BNB,AUD
411,binance,spot,AUD/USDT,AUD,USDT
412,binance,spot,BAL/BTC,BAL,BTC
413,binance,spot,BAL/BUSD,BAL,BUSD
414,binance,spot,YFI/BTC,YFI,BTC
415,binance,spot,YFI/BUSD,YFI,BUSD
416,binance,spot,YFI/USDT,YFI,USDT
417,binance,spot,BLZ/BUSD,BLZ,BUSD
418,binance,spot,BAL/USDT,BAL,USDT
419,binance,spot,BLZ/USDT,BLZ,USDT
420,binance,spot,IRIS/USDT,IRIS,USDT
421,binance,spot,KMD/USDT,KMD,USDT
422,binance,spot,BTC/DAI,BTC,DAI
423,binance,spot,ETH/DAI,ETH,DAI
424,binance,spot,BNB/DAI,BNB,DAI
425,binance,spot,USDT/DAI,USDT,DAI
426,binance,spot,BUSD/DAI,BUSD,DAI
427,binance,spot,JST/BTC,JST,BTC
428,binance,spot,JST/BUSD,JST,BUSD
429,binance,spot,JST/USDT,JST,USDT
430,binance,spot,SRM/BUSD,SRM,BUSD
431,binance,spot,ANT/BNB,ANT,BNB
432,binance,spot,ANT/BTC,ANT,BTC
433,binance,spot,ANT/BUSD,ANT,BUSD
434,binance,spot,ANT/USDT,ANT,USDT
435,binance,spot,CRV/BTC,CRV,BTC
436,binance,spot,CRV/BUSD,CRV,BUSD
437,binance,spot,CRV/USDT,CRV,USDT
438,binance,spot,SAND/BNB,SAND,BNB
439,binance,spot,SAND/BTC,SAND,BTC
440,binance,spot,SAND/USDT,SAND,USDT
441,binance,spot,SAND/BUSD,SAND,BUSD
442,binance,spot,OCEAN/BNB,OCEAN,BNB
443,binance,spot,OCEAN/BTC,OCEAN,BTC
444,binance,spot,OCEAN/BUSD,OCEAN,BUSD
445,binance,spot,OCEAN/USDT,OCEAN,USDT
446,binance,spot,NMR/BTC,NMR,BTC
447,binance,spot,NMR/BUSD,NMR,BUSD
448,binance,spot,NMR/USDT,NMR,USDT
449,binance,spot,DOT/BNB,DOT,BNB
450,binance,spot,DOT/BTC,DOT,BTC
451,binance,spot,DOT/BUSD,DOT,BUSD
452,binance,spot,DOT/USDT,DOT,USDT
453,binance,spot,LUNA/BUSD,LUNA,BUSD
454,binance,spot,LUNA/USDT,LUNA,USDT
455,binance,spot,IDEX/BTC,IDEX,BTC
456,binance,spot,IDEX/BUSD,IDEX,BUSD
457,binance,spot,RSR/BNB,RSR,BNB
458,binance,spot,RSR/BUSD,RSR,BUSD
459,binance,spot,RSR/USDT,RSR,USDT
460,binance,spot,PAXG/BNB,PAXG,BNB
461,binance,spot,PAXG/BTC,PAXG,BTC
462,binance,spot,PAXG/BUSD,PAXG,BUSD
463,binance,spot,PAXG/USDT,PAXG,USDT
464,binance,spot,WNXM/USDT,WNXM,USDT
465,binance,spot,TRB/BTC,TRB,BTC
466,binance,spot,TRB/BUSD,TRB,BUSD
467,binance,spot,TRB/USDT,TRB,USDT
468,binance,spot,LINK/AUD,LINK,AUD
469,binance,spot,WBTC/BTC,WBTC,BTC
470,binance,spot,WBTC/ETH,WBTC,ETH
471,binance,spot,SUSHI/BNB,SUSHI,BNB
472,binance,spot,SUSHI/BTC,SUSHI,BTC
473,binance,spot,SUSHI/BUSD,SUSHI,BUSD
474,binance,spot,SUSHI/USDT,SUSHI,USDT
475,binance,spot,YFII/USDT,YFII,USDT
476,binance,spot,KSM/BTC,KSM,BTC
477,binance,spot,KSM/BUSD,KSM,BUSD
478,binance,spot,KSM/USDT,KSM,USDT
479,binance,spot,EGLD/BNB,EGLD,BNB
480,binance,spot,EGLD/BTC,EGLD,BTC
481,binance,spot,EGLD/BUSD,EGLD,BUSD
482,binance,spot,EGLD/USDT,EGLD,USDT
483,binance,spot,DIA/BTC,DIA,BTC
484,binance,spot,DIA/BUSD,DIA,BUSD
485,binance,spot,DIA/USDT,DIA,USDT
486,binance,spot,RUNE/USDT,RUNE,USDT
487,binance,spot,FIO/USDT,FIO,USDT
488,binance,spot,UMA/BTC,UMA,BTC
489,binance,spot,UMA/USDT,UMA,USDT
490,binance,spot,XRPUP/USDT,XRPUP,USDT
491,binance,spot,XRPDOWN/USDT,XRPDOWN,USDT
492,binance,spot,LINK/TRY,LINK,TRY
493,binance,spot,USDT/NGN,USDT,NGN
494,binance,spot,BEL/BNB,BEL,BNB
495,binance,spot,BEL/BTC,BEL,BTC
496,binance,spot,BEL/BUSD,BEL,BUSD
497,binance,spot,BEL/USDT,BEL,USDT
498,binance,spot,WING/BTC,WING,BTC
499,binance,spot,WING/BUSD,WING,BUSD
500,binance,spot,WING/USDT,WING,USDT
501,binance,spot,CREAM/BUSD,CREAM,BUSD
502,binance,spot,UNI/BNB,UNI,BNB
503,binance,spot,UNI/BTC,UNI,BTC
504,binance,spot,UNI/BUSD,UNI,BUSD
505,binance,spot,UNI/USDT,UNI,USDT
506,binance,spot,OXT/BTC,OXT,BTC
507,binance,spot,OXT/USDT,OXT,USDT
508,binance,spot,SUN/USDT,SUN,USDT
509,binance,spot,AVAX/BNB,AVAX,BNB
510,binance,spot,AVAX/BTC,AVAX,BTC
511,binance,spot,AVAX/BUSD,AVAX,BUSD
512,binance,spot,AVAX/USDT,AVAX,USDT
513,binance,spot,BAKE/BNB,BAKE,BNB
514,binance,spot,BURGER/BNB,BURGER,BNB
515,binance,spot,FLM/BTC,FLM,BTC
516,binance,spot,FLM/USDT,FLM,USDT
517,binance,spot,SCRT/BTC,SCRT,BTC
518,binance,spot,SCRT/ETH,SCRT,ETH
519,binance,spot,CAKE/BNB,CAKE,BNB
520,binance,spot,CAKE/BUSD,CAKE,BUSD
521,binance,spot,ORN/BTC,ORN,BTC
522,binance,spot,ORN/USDT,ORN,USDT
523,binance,spot,SXP/TRY,SXP,TRY
524,binance,spot,UTK/BTC,UTK,BTC
525,binance,spot,UTK/USDT,UTK,USDT
526,binance,spot,XVS/BNB,XVS,BNB
527,binance,spot,XVS/BTC,XVS,BTC
528,binance,spot,XVS/BUSD,XVS,BUSD
529,binance,spot,XVS/USDT,XVS,USDT
530,binance,spot,ALPHA/BTC,ALPHA,BTC
531,binance,spot,ALPHA/BUSD,ALPHA,BUSD
532,binance,spot,ALPHA/USDT,ALPHA,USDT
533,binance,spot,VIDT/BTC,VIDT,BTC
534,binance,spot,VIDT/BUSD,VIDT,BUSD
535,binance,spot,AAVE/BNB,AAVE,BNB
536,binance,spot,BTC/BRL,BTC,BRL
537,binance,spot,USDT/BRL,USDT,BRL
538,binance,spot,AAVE/BTC,AAVE,BTC
539,binance,spot,AAVE/ETH,AAVE,ETH
540,binance,spot,AAVE/BUSD,AAVE,BUSD
541,binance,spot,AAVE/USDT,AAVE,USDT
542,binance,spot,NEAR/BNB,NEAR,BNB
543,binance,spot,NEAR/BTC,NEAR,BTC
544,binance,spot,NEAR/BUSD,NEAR,BUSD
545,binance,spot,NEAR/USDT,NEAR,USDT
546,binance,spot,FIL/BNB,FIL,BNB
547,binance,spot,FIL/BTC,FIL,BTC
548,binance,spot,FIL/BUSD,FIL,BUSD
549,binance,spot,FIL/USDT,FIL,USDT
550,binance,spot,INJ/BNB,INJ,BNB
551,binance,spot,INJ/BTC,INJ,BTC
552,binance,spot,INJ/BUSD,INJ,BUSD
553,binance,spot,INJ/USDT,INJ,USDT
554,binance,spot,AERGO/BTC,AERGO,BTC
555,binance,spot,AERGO/BUSD,AERGO,BUSD
556,binance,spot,LINK/EUR,LINK,EUR
557,binance,spot,ONE/BUSD,ONE,BUSD
558,binance,spot,AUDIO/BTC,AUDIO,BTC
559,binance,spot,AUDIO/BUSD,AUDIO,BUSD
560,binance,spot,AUDIO/USDT,AUDIO,USDT
561,binance,spot,CTK/BNB,CTK,BNB
562,binance,spot,CTK/BTC,CTK,BTC
563,binance,spot,CTK/BUSD,CTK,BUSD
564,binance,spot,CTK/USDT,CTK,USDT
565,binance,spot,ETH/BRL,ETH,BRL
566,binance,spot,DOT/EUR,DOT,EUR
567,binance,spot,AKRO/USDT,AKRO,USDT
568,binance,spot,KP3R/BNB,KP3R,BNB
569,binance,spot,KP3R/BUSD,KP3R,BUSD
570,binance,spot,AXS/BNB,AXS,BNB
571,binance,spot,AXS/BTC,AXS,BTC
572,binance,spot,AXS/BUSD,AXS,BUSD
573,binance,spot,AXS/USDT,AXS,USDT
574,binance,spot,HARD/BNB,HARD,BNB
575,binance,spot,HARD/BTC,HARD,BTC
576,binance,spot,HARD/BUSD,HARD,BUSD
577,binance,spot,HARD/USDT,HARD,USDT
578,binance,spot,BNB/BRL,BNB,BRL
579,binance,spot,LTC/EUR,LTC,EUR
580,binance,spot,SLP/ETH,SLP,ETH
581,binance,spot,ADA/EUR,ADA,EUR
582,binance,spot,CVP/ETH,CVP,ETH
583,binance,spot,CVP/BUSD,CVP,BUSD
584,binance,spot,STRAX/BTC,STRAX,BTC
585,binance,spot,STRAX/BUSD,STRAX,BUSD
586,binance,spot,STRAX/USDT,STRAX,USDT
587,binance,spot,FOR/BTC,FOR,BTC
588,binance,spot,FOR/BUSD,FOR,BUSD
589,binance,spot,UNFI/BTC,UNFI,BTC
590,binance,spot,UNFI/BUSD,UNFI,BUSD
591,binance,spot,UNFI/USDT,UNFI,USDT
592,binance,spot,FRONT/BUSD,FRONT,BUSD
593,binance,spot,ROSE/BTC,ROSE,BTC
594,binance,spot,ROSE/BUSD,ROSE,BUSD
595,binance,spot,ROSE/USDT,ROSE,USDT
596,binance,spot,AVAX/TRY,AVAX,TRY
597,binance,spot,BUSD/BRL,BUSD,BRL
598,binance,spot,AVA/USDT,AVA,USDT
599,binance,spot,SYS/BUSD,SYS,BUSD
600,binance,spot,XEM/USDT,XEM,USDT
601,binance,spot,PROM/BNB,PROM,BNB
602,binance,spot,PROM/BUSD,PROM,BUSD
603,binance,spot,XRP/BRL,XRP,BRL
604,binance,spot,SKL/BTC,SKL,BTC
605,binance,spot,SKL/BUSD,SKL,BUSD
606,binance,spot,SKL/USDT,SKL,USDT
607,binance,spot,BCH/EUR,BCH,EUR
608,binance,spot,YFI/EUR,YFI,EUR
609,binance,spot,ZIL/BIDR,ZIL,BIDR
610,binance,spot,GLM/BTC,GLM,BTC
611,binance,spot,GHST/BUSD,GHST,BUSD
612,binance,spot,LINK/BRL,LINK,BRL
613,binance,spot,LTC/RUB,LTC,RUB
614,binance,spot,TRX/TRY,TRX,TRY
615,binance,spot,XLM/EUR,XLM,EUR
616,binance,spot,DF/BUSD,DF,BUSD
617,binance,spot,GRT/BTC,GRT,BTC
618,binance,spot,GRT/ETH,GRT,ETH
619,binance,spot,GRT/USDT,GRT,USDT
620,binance,spot,JUV/BUSD,JUV,BUSD
621,binance,spot,JUV/USDT,JUV,USDT
622,binance,spot,PSG/BTC,PSG,BTC
623,binance,spot,PSG/BUSD,PSG,BUSD
624,binance,spot,PSG/USDT,PSG,USDT
625,binance,spot,1INCH/BTC,1INCH,BTC
626,binance,spot,1INCH/USDT,1INCH,USDT
627,binance,spot,REEF/USDT,REEF,USDT
628,binance,spot,OG/BTC,OG,BTC
629,binance,spot,OG/USDT,OG,USDT
630,binance,spot,ATM/BTC,ATM,BTC
631,binance,spot,ATM/USDT,ATM,USDT
632,binance,spot,ASR/USDT,ASR,USDT
633,binance,spot,CELO/BTC,CELO,BTC
634,binance,spot,CELO/USDT,CELO,USDT
635,binance,spot,RIF/BTC,RIF,BTC
636,binance,spot,RIF/USDT,RIF,USDT
637,binance,spot,CHZ/TRY,CHZ,TRY
638,binance,spot,XLM/TRY,XLM,TRY
639,binance,spot,LINK/GBP,LINK,GBP
640,binance,spot,GRT/EUR,GRT,EUR
641,binance,spot,TRU/BTC,TRU,BTC
642,binance,spot,TRU/USDT,TRU,USDT
643,binance,spot,DEXE/ETH,DEXE,ETH
644,binance,spot,DEXE/BUSD,DEXE,BUSD
645,binance,spot,EOS/EUR,EOS,EUR
646,binance,spot,LTC/BRL,LTC,BRL
647,binance,spot,CKB/BUSD,CKB,BUSD
648,binance,spot,CKB/USDT,CKB,USDT
649,binance,spot,TWT/BTC,TWT,BTC
650,binance,spot,TWT/BUSD,TWT,BUSD
651,binance,spot,TWT/USDT,TWT,USDT
652,binance,spot,FIRO/BTC,FIRO,BTC
653,binance,spot,FIRO/USDT,FIRO,USDT
654,binance,spot,BETH/ETH,BETH,ETH
655,binance,spot,DOGE/EUR,DOGE,EUR
656,binance,spot,DOGE/TRY,DOGE,TRY
657,binance,spot,DOGE/AUD,DOGE,AUD
658,binance,spot,DOGE/BRL,DOGE,BRL
659,binance,spot,PROS/ETH,PROS,ETH
660,binance,spot,LIT/BTC,LIT,BTC
661,binance,spot,LIT/BUSD,LIT,BUSD
662,binance,spot,LIT/USDT,LIT,USDT
663,binance,spot,BUSD/VAI,BUSD,VAI
664,binance,spot,SFP/BTC,SFP,BTC
665,binance,spot,SFP/BUSD,SFP,BUSD
666,binance,spot,SFP/USDT,SFP,USDT
667,binance,spot,DOGE/GBP,DOGE,GBP
668,binance,spot,DOT/TRY,DOT,TRY
669,binance,spot,FXS/BTC,FXS,BTC
670,binance,spot,FXS/BUSD,FXS,BUSD
671,binance,spot,DODO/BTC,DODO,BTC
672,binance,spot,DODO/BUSD,DODO,BUSD
673,binance,spot,DODO/USDT,DODO,USDT
674,binance,spot,FRONT/BTC,FRONT,BTC
675,binance,spot,CAKE/BTC,CAKE,BTC
676,binance,spot,CAKE/USDT,CAKE,USDT
677,binance,spot,BAKE/BUSD,BAKE,BUSD
678,binance,spot,UFT/ETH,UFT,ETH
679,binance,spot,UFT/BUSD,UFT,BUSD
680,binance,spot,1INCH/BUSD,1INCH,BUSD
681,binance,spot,BAND/BUSD,BAND,BUSD
682,binance,spot,GRT/BUSD,GRT,BUSD
683,binance,spot,IOST/BUSD,IOST,BUSD
684,binance,spot,OMG/BUSD,OMG,BUSD
685,binance,spot,REEF/BUSD,REEF,BUSD
686,binance,spot,ACM/BTC,ACM,BTC
687,binance,spot,ACM/BUSD,ACM,BUSD
688,binance,spot,ACM/USDT,ACM,USDT
689,binance,spot,AUCTION/BTC,AUCTION,BTC
690,binance,spot,AUCTION/BUSD,AUCTION,BUSD
691,binance,spot,PHA/BTC,PHA,BTC
692,binance,spot,PHA/BUSD,PHA,BUSD
693,binance,spot,DOT/GBP,DOT,GBP
694,binance,spot,ADA/TRY,ADA,TRY
695,binance,spot,ADA/BRL,ADA,BRL
696,binance,spot,ADA/GBP,ADA,GBP
697,binance,spot,TVK/BTC,TVK,BTC
698,binance,spot,TVK/BUSD,TVK,BUSD
699,binance,spot,BADGER/BTC,BADGER,BTC
700,binance,spot,BADGER/BUSD,BADGER,BUSD
701,binance,spot,BADGER/USDT,BADGER,USDT
702,binance,spot,FIS/BTC,FIS,BTC
703,binance,spot,FIS/BUSD,FIS,BUSD
704,binance,spot,FIS/USDT,FIS,USDT
705,binance,spot,DOT/BRL,DOT,BRL
706,binance,spot,ADA/AUD,ADA,AUD
707,binance,spot,HOT/TRY,HOT,TRY
708,binance,spot,EGLD/EUR,EGLD,EUR
709,binance,spot,OM/BTC,OM,BTC
710,binance,spot,OM/BUSD,OM,BUSD
711,binance,spot,OM/USDT,OM,USDT
712,binance,spot,POND/BTC,POND,BTC
713,binance,spot,POND/BUSD,POND,BUSD
714,binance,spot,POND/USDT,POND,USDT
715,binance,spot,DEGO/BTC,DEGO,BTC
716,binance,spot,DEGO/BUSD,DEGO,BUSD
717,binance,spot,DEGO/USDT,DEGO,USDT
718,binance,spot,AVAX/EUR,AVAX,EUR
719,binance,spot,CHZ/BRL,CHZ,BRL
720,binance,spot,UNI/EUR,UNI,EUR
721,binance,spot,ALICE/BTC,ALICE,BTC
722,binance,spot,ALICE/BUSD,ALICE,BUSD
723,binance,spot,ALICE/USDT,ALICE,USDT
724,binance,spot,CHZ/BUSD,CHZ,BUSD
725,binance,spot,CHZ/EUR,CHZ,EUR
726,binance,spot,CHZ/GBP,CHZ,GBP
727,binance,spot,BIFI/BUSD,BIFI,BUSD
728,binance,spot,LINA/BTC,LINA,BTC
729,binance,spot,LINA/BUSD,LINA,BUSD
730,binance,spot,LINA/USDT,LINA,USDT
731,binance,spot,ADA/RUB,ADA,RUB
732,binance,spot,ENJ/BRL,ENJ,BRL
733,binance,spot,ENJ/EUR,ENJ,EUR
734,binance,spot,MATIC/EUR,MATIC,EUR
735,binance,spot,NEO/TRY,NEO,TRY
736,binance,spot,PERP/BTC,PERP,BTC
737,binance,spot,PERP/BUSD,PERP,BUSD
738,binance,spot,PERP/USDT,PERP,USDT
739,binance,spot,SUPER/BTC,SUPER,BTC
740,binance,spot,SUPER/BUSD,SUPER,BUSD
741,binance,spot,SUPER/USDT,SUPER,USDT
742,binance,spot,CFX/BTC,CFX,BTC
743,binance,spot,CFX/BUSD,CFX,BUSD
744,binance,spot,CFX/USDT,CFX,USDT
745,binance,spot,EOS/TRY,EOS,TRY
746,binance,spot,LTC/GBP,LTC,GBP
747,binance,spot,RVN/TRY,RVN,TRY
748,binance,spot,THETA/EUR,THETA,EUR
749,binance,spot,XVG/BUSD,XVG,BUSD
750,binance,spot,AUTO/BTC,AUTO,BTC
751,binance,spot,AUTO/BUSD,AUTO,BUSD
752,binance,spot,AUTO/USDT,AUTO,USDT
753,binance,spot,TKO/BTC,TKO,BTC
754,binance,spot,TKO/BIDR,TKO,BIDR
755,binance,spot,TKO/BUSD,TKO,BUSD
756,binance,spot,TKO/USDT,TKO,USDT
757,binance,spot,PUNDIX/ETH,PUNDIX,ETH
758,binance,spot,PUNDIX/USDT,PUNDIX,USDT
759,binance,spot,HOT/EUR,HOT,EUR
760,binance,spot,WIN/EUR,WIN,EUR
761,binance,spot,TLM/BTC,TLM,BTC
762,binance,spot,TLM/BUSD,TLM,BUSD
763,binance,spot,TLM/USDT,TLM,USDT
764,binance,spot,HOT/BUSD,HOT,BUSD
765,binance,spot,BNB/UAH,BNB,UAH
766,binance,spot,ONT/TRY,ONT,TRY
767,binance,spot,VET/EUR,VET,EUR
768,binance,spot,VET/GBP,VET,GBP
769,binance,spot,WIN/BRL,WIN,BRL
770,binance,spot,MIR/BUSD,MIR,BUSD
771,binance,spot,BAR/BTC,BAR,BTC
772,binance,spot,BAR/BUSD,BAR,BUSD
773,binance,spot,BAR/USDT,BAR,USDT
774,binance,spot,FORTH/BTC,FORTH,BTC
775,binance,spot,FORTH/BUSD,FORTH,BUSD
776,binance,spot,FORTH/USDT,FORTH,USDT
777,binance,spot,DOGE/RUB,DOGE,RUB
778,binance,spot,BAKE/USDT,BAKE,USDT
779,binance,spot,BURGER/BUSD,BURGER,BUSD
780,binance,spot,BURGER/USDT,BURGER,USDT
781,binance,spot,SLP/BUSD,SLP,BUSD
782,binance,spot,SLP/USDT,SLP,USDT
783,binance,spot,TRX/EUR,TRX,EUR
784,binance,spot,VET/TRY,VET,TRY
785,binance,spot,SHIB/USDT,SHIB,USDT
786,binance,spot,SHIB/BUSD,SHIB,BUSD
787,binance,spot,ICP/BTC,ICP,BTC
788,binance,spot,ICP/BNB,ICP,BNB
789,binance,spot,ICP/BUSD,ICP,BUSD
790,binance,spot,ICP/USDT,ICP,USDT
791,binance,spot,SHIB/EUR,SHIB,EUR
792,binance,spot,ETC/EUR,ETC,EUR
793,binance,spot,DOGE/BIDR,DOGE,BIDR
794,binance,spot,AR/BTC,AR,BTC
795,binance,spot,AR/BNB,AR,BNB
796,binance,spot,AR/BUSD,AR,BUSD
797,binance,spot,AR/USDT,AR,USDT
798,binance,spot,POLS/BTC,POLS,BTC
799,binance,spot,POLS/BNB,POLS,BNB
800,binance,spot,POLS/BUSD,POLS,BUSD
801,binance,spot,POLS/USDT,POLS,USDT
802,binance,spot,MDX/BTC,MDX,BTC
803,binance,spot,MDX/BUSD,MDX,BUSD
804,binance,spot,MDX/USDT,MDX,USDT
805,binance,spot,MASK/BNB,MASK,BNB
806,binance,spot,MASK/BUSD,MASK,BUSD
807,binance,spot,MASK/USDT,MASK,USDT
808,binance,spot,LPT/BTC,LPT,BTC
809,binance,spot,LPT/BNB,LPT,BNB
810,binance,spot,LPT/BUSD,LPT,BUSD
811,binance,spot,LPT/USDT,LPT,USDT
812,binance,spot,ETH/UAH,ETH,UAH
813,binance,spot,MATIC/BRL,MATIC,BRL
814,binance,spot,SOL/EUR,SOL,EUR
815,binance,spot,SHIB/BRL,SHIB,BRL
816,binance,spot,AGIX/BTC,AGIX,BTC
817,binance,spot,ICP/EUR,ICP,EUR
818,binance,spot,MATIC/GBP,MATIC,GBP
819,binance,spot,SHIB/TRY,SHIB,TRY
820,binance,spot,MATIC/BIDR,MATIC,BIDR
821,binance,spot,MATIC/RUB,MATIC,RUB
822,binance,spot,XVG/USDT,XVG,USDT
823,binance,spot,CELR/BUSD,CELR,BUSD
824,binance,spot,ATM/BUSD,ATM,BUSD
825,binance,spot,ZEN/BUSD,ZEN,BUSD
826,binance,spot,FTM/BUSD,FTM,BUSD
827,binance,spot,THETA/BUSD,THETA,BUSD
828,binance,spot,WIN/BUSD,WIN,BUSD
829,binance,spot,KAVA/BUSD,KAVA,BUSD
830,binance,spot,ATA/BTC,ATA,BTC
831,binance,spot,ATA/BUSD,ATA,BUSD
832,binance,spot,ATA/USDT,ATA,USDT
833,binance,spot,GTC/BTC,GTC,BTC
834,binance,spot,GTC/BUSD,GTC,BUSD
835,binance,spot,GTC/USDT,GTC,USDT
836,binance,spot,TORN/BUSD,TORN,BUSD
837,binance,spot,MATIC/TRY,MATIC,TRY
838,binance,spot,SOL/GBP,SOL,GBP
839,binance,spot,BAKE/BTC,BAKE,BTC
840,binance,spot,COTI/BUSD,COTI,BUSD
841,binance,spot,SOL/TRY,SOL,TRY
842,binance,spot,RUNE/GBP,RUNE,GBP
843,binance,spot,SOL/BRL,SOL,BRL
844,binance,spot,SC/BUSD,SC,BUSD
845,binance,spot,CHR/BUSD,CHR,BUSD
846,binance,spot,STMX/BUSD,STMX,BUSD
847,binance,spot,HNT/BUSD,HNT,BUSD
848,binance,spot,FTT/BUSD,FTT,BUSD
849,binance,spot,DOCK/BUSD,DOCK,BUSD
850,binance,spot,ADA/BIDR,ADA,BIDR
851,binance,spot,ERN/BUSD,ERN,BUSD
852,binance,spot,ERN/USDT,ERN,USDT
853,binance,spot,KLAY/BTC,KLAY,BTC
854,binance,spot,KLAY/BNB,KLAY,BNB
855,binance,spot,KLAY/BUSD,KLAY,BUSD
856,binance,spot,KLAY/USDT,KLAY,USDT
857,binance,spot,RUNE/EUR,RUNE,EUR
858,binance,spot,MATIC/AUD,MATIC,AUD
859,binance,spot,DOT/RUB,DOT,RUB
860,binance,spot,UTK/BUSD,UTK,BUSD
861,binance,spot,IOTX/BUSD,IOTX,BUSD
862,binance,spot,PHA/USDT,PHA,USDT
863,binance,spot,SOL/RUB,SOL,RUB
864,binance,spot,BUSD/UAH,BUSD,UAH
865,binance,spot,BOND/BTC,BOND,BTC
866,binance,spot,BOND/BUSD,BOND,BUSD
867,binance,spot,BOND/USDT,BOND,USDT
868,binance,spot,MLN/BTC,MLN,BTC
869,binance,spot,MLN/BUSD,MLN,BUSD
870,binance,spot,MLN/USDT,MLN,USDT
871,binance,spot,GRT/TRY,GRT,TRY
872,binance,spot,DOT/AUD,DOT,AUD
873,binance,spot,DEXE/USDT,DEXE,USDT
874,binance,spot,LTO/BUSD,LTO,BUSD
875,binance,spot,ADX/BUSD,ADX,BUSD
876,binance,spot,QUICK/BTC,QUICK,BTC
877,binance,spot,QUICK/BUSD,QUICK,BUSD
878,binance,spot,C98/USDT,C98,USDT
879,binance,spot,C98/BUSD,C98,BUSD
880,binance,spot,C98/BTC,C98,BTC
881,binance,spot,CLV/BTC,CLV,BTC
882,binance,spot,CLV/BNB,CLV,BNB
883,binance,spot,CLV/BUSD,CLV,BUSD
884,binance,spot,CLV/USDT,CLV,USDT
885,binance,spot,QNT/BTC,QNT,BTC
886,binance,spot,QNT/BNB,QNT,BNB
887,binance,spot,QNT/BUSD,QNT,BUSD
888,binance,spot,QNT/USDT,QNT,USDT
889,binance,spot,FLOW/BTC,FLOW,BTC
890,binance,spot,FLOW/BNB,FLOW,BNB
891,binance,spot,FLOW/BUSD,FLOW,BUSD
892,binance,spot,FLOW/USDT,FLOW,USDT
893,binance,spot,XEC/BUSD,XEC,BUSD
894,binance,spot,AXS/BRL,AXS,BRL
895,binance,spot,AXS/AUD,AXS,AUD
896,binance,spot,TVK/USDT,TVK,USDT
897,binance,spot,MINA/BTC,MINA,BTC
898,binance,spot,MINA/BNB,MINA,BNB
899,binance,spot,MINA/BUSD,MINA,BUSD
900,binance,spot,MINA/USDT,MINA,USDT
901,binance,spot,RAY/BNB,RAY,BNB
902,binance,spot,RAY/BUSD,RAY,BUSD
903,binance,spot,RAY/USDT,RAY,USDT
904,binance,spot,FARM/BTC,FARM,BTC
905,binance,spot,FARM/BUSD,FARM,BUSD
906,binance,spot,FARM/USDT,FARM,USDT
907,binance,spot,ALPACA/BTC,ALPACA,BTC
908,binance,spot,ALPACA/BUSD,ALPACA,BUSD
909,binance,spot,ALPACA/USDT,ALPACA,USDT
910,binance,spot,TLM/TRY,TLM,TRY
911,binance,spot,QUICK/USDT,QUICK,USDT
912,binance,spot,ORN/BUSD,ORN,BUSD
913,binance,spot,MBOX/BTC,MBOX,BTC
914,binance,spot,MBOX/BNB,MBOX,BNB
915,binance,spot,MBOX/BUSD,MBOX,BUSD
916,binance,spot,MBOX/USDT,MBOX,USDT
917,binance,spot,FOR/USDT,FOR,USDT
918,binance,spot,REQ/USDT,REQ,USDT
919,binance,spot,GHST/USDT,GHST,USDT
920,binance,spot,FIS/BRL,FIS,BRL
921,binance,spot,WAXP/USDT,WAXP,USDT
922,binance,spot,WAXP/BUSD,WAXP,BUSD
923,binance,spot,WAXP/BNB,WAXP,BNB
924,binance,spot,WAXP/BTC,WAXP,BTC
925,binance,spot,GNO/USDT,GNO,USDT
926,binance,spot,ARPA/TRY,ARPA,TRY
927,binance,spot,PROM/BTC,PROM,BTC
928,binance,spot,MTL/BUSD,MTL,BUSD
929,binance,spot,OGN/BUSD,OGN,BUSD
930,binance,spot,XEC/USDT,XEC,USDT
931,binance,spot,SOL/AUD,SOL,AUD
932,binance,spot,XRP/BIDR,XRP,BIDR
933,binance,spot,ELF/USDT,ELF,USDT
934,binance,spot,DYDX/USDT,DYDX,USDT
935,binance,spot,DYDX/BUSD,DYDX,BUSD
936,binance,spot,DYDX/BNB,DYDX,BNB
937,binance,spot,DYDX/BTC,DYDX,BTC
938,binance,spot,ELF/BUSD,ELF,BUSD
939,binance,spot,IDEX/USDT,IDEX,USDT
940,binance,spot,VIDT/USDT,VIDT,USDT
941,binance,spot,SOL/BIDR,SOL,BIDR
942,binance,spot,GALA/USDT,GALA,USDT
943,binance,spot,GALA/BUSD,GALA,BUSD
944,binance,spot,GALA/BNB,GALA,BNB
945,binance,spot,GALA/BTC,GALA,BTC
946,binance,spot,SUN/BUSD,SUN,BUSD
947,binance,spot,ILV/USDT,ILV,USDT
948,binance,spot,ILV/BUSD,ILV,BUSD
949,binance,spot,ILV/BNB,ILV,BNB
950,binance,spot,ILV/BTC,ILV,BTC
951,binance,spot,REN/BUSD,REN,BUSD
952,binance,spot,YGG/USDT,YGG,USDT
953,binance,spot,YGG/BUSD,YGG,BUSD
954,binance,spot,YGG/BNB,YGG,BNB
955,binance,spot,YGG/BTC,YGG,BTC
956,binance,spot,STX/BUSD,STX,BUSD
957,binance,spot,SYS/USDT,SYS,USDT
958,binance,spot,DF/USDT,DF,USDT
959,binance,spot,ARPA/RUB,ARPA,RUB
960,binance,spot,LTC/UAH,LTC,UAH
961,binance,spot,FET/BUSD,FET,BUSD
962,binance,spot,ARPA/BUSD,ARPA,BUSD
963,binance,spot,LSK/BUSD,LSK,BUSD
964,binance,spot,FIDA/USDT,FIDA,USDT
965,binance,spot,FIDA/BUSD,FIDA,BUSD
966,binance,spot,FIDA/BTC,FIDA,BTC
967,binance,spot,DENT/BUSD,DENT,BUSD
968,binance,spot,FRONT/USDT,FRONT,USDT
969,binance,spot,CVP/USDT,CVP,USDT
970,binance,spot,AGLD/BTC,AGLD,BTC
971,binance,spot,AGLD/BUSD,AGLD,BUSD
972,binance,spot,AGLD/USDT,AGLD,USDT
973,binance,spot,RAD/BTC,RAD,BTC
974,binance,spot,RAD/BNB,RAD,BNB
975,binance,spot,RAD/BUSD,RAD,BUSD
976,binance,spot,RAD/USDT,RAD,USDT
977,binance,spot,HIVE/BUSD,HIVE,BUSD
978,binance,spot,STPT/BUSD,STPT,BUSD
979,binance,spot,BETA/BTC,BETA,BTC
980,binance,spot,BETA/BNB,BETA,BNB
981,binance,spot,BETA/BUSD,BETA,BUSD
982,binance,spot,BETA/USDT,BETA,USDT
983,binance,spot,SHIB/AUD,SHIB,AUD
984,binance,spot,RARE/BTC,RARE,BTC
985,binance,spot,RARE/BUSD,RARE,BUSD
986,binance,spot,RARE/USDT,RARE,USDT
987,binance,spot,AVAX/BRL,AVAX,BRL
988,binance,spot,AVAX/AUD,AVAX,AUD
989,binance,spot,TROY/BUSD,TROY,BUSD
990,binance,spot,AXS/ETH,AXS,ETH
991,binance,spot,FTM/ETH,FTM,ETH
992,binance,spot,SOL/ETH,SOL,ETH
993,binance,spot,SSV/BTC,SSV,BTC
994,binance,spot,SSV/ETH,SSV,ETH
995,binance,spot,LAZIO/TRY,LAZIO,TRY
996,binance,spot,LAZIO/EUR,LAZIO,EUR
997,binance,spot,LAZIO/BTC,LAZIO,BTC
998,binance,spot,LAZIO/USDT,LAZIO,USDT
999,binance,spot,CHESS/BTC,CHESS,BTC
1000,binance,spot,CHESS/BUSD,CHESS,BUSD
1001,binance,spot,CHESS/USDT,CHESS,USDT
1002,binance,spot,FTM/AUD,FTM,AUD
1003,binance,spot,FTM/BRL,FTM,BRL
1004,binance,spot,SCRT/BUSD,SCRT,BUSD
1005,binance,spot,ADX/USDT,ADX,USDT
1006,binance,spot,AUCTION/USDT,AUCTION,USDT
1007,binance,spot,CELO/BUSD,CELO,BUSD
1008,binance,spot,FTM/RUB,FTM,RUB
1009,binance,spot,REEF/TRY,REEF,TRY
1010,binance,spot,SHIB/DOGE,SHIB,DOGE
1011,binance,spot,DAR/USDT,DAR,USDT
1012,binance,spot,DAR/BUSD,DAR,BUSD
1013,binance,spot,DAR/BNB,DAR,BNB
1014,binance,spot,DAR/BTC,DAR,BTC
1015,binance,spot,BNX/BTC,BNX,BTC
1016,binance,spot,BNX/BNB,BNX,BNB
1017,binance,spot,BNX/BUSD,BNX,BUSD
1018,binance,spot,BNX/USDT,BNX,USDT
1019,binance,spot,LAZIO/BUSD,LAZIO,BUSD
1020,binance,spot,OXT/BUSD,OXT,BUSD
1021,binance,spot,MANA/TRY,MANA,TRY
1022,binance,spot,ALGO/RUB,ALGO,RUB
1023,binance,spot,MOVR/BTC,MOVR,BTC
1024,binance,spot,MOVR/BUSD,MOVR,BUSD
1025,binance,spot,MOVR/USDT,MOVR,USDT
1026,binance,spot,CITY/BTC,CITY,BTC
1027,binance,spot,CITY/BNB,CITY,BNB
1028,binance,spot,CITY/BUSD,CITY,BUSD
1029,binance,spot,CITY/USDT,CITY,USDT
1030,binance,spot,ENS/BTC,ENS,BTC
1031,binance,spot,ENS/BNB,ENS,BNB
1032,binance,spot,ENS/BUSD,ENS,BUSD
1033,binance,spot,ENS/USDT,ENS,USDT
1034,binance,spot,SAND/ETH,SAND,ETH
1035,binance,spot,DOT/ETH,DOT,ETH
1036,binance,spot,MATIC/ETH,MATIC,ETH
1037,binance,spot,ANKR/BUSD,ANKR,BUSD
1038,binance,spot,SAND/TRY,SAND,TRY
1039,binance,spot,MANA/BRL,MANA,BRL
1040,binance,spot,KP3R/USDT,KP3R,USDT
1041,binance,spot,QI/USDT,QI,USDT
1042,binance,spot,QI/BUSD,QI,BUSD
1043,binance,spot,QI/BTC,QI,BTC
1044,binance,spot,PORTO/BTC,PORTO,BTC
1045,binance,spot,PORTO/USDT,PORTO,USDT
1046,binance,spot,PORTO/TRY,PORTO,TRY
1047,binance,spot,PORTO/EUR,PORTO,EUR
1048,binance,spot,POWR/USDT,POWR,USDT
1049,binance,spot,POWR/BUSD,POWR,BUSD
1050,binance,spot,AVAX/ETH,AVAX,ETH
1051,binance,spot,SLP/TRY,SLP,TRY
1052,binance,spot,LRC/TRY,LRC,TRY
1053,binance,spot,CHR/ETH,CHR,ETH
1054,binance,spot,VGX/USDT,VGX,USDT
1055,binance,spot,GALA/ETH,GALA,ETH
1056,binance,spot,JASMY/USDT,JASMY,USDT
1057,binance,spot,JASMY/BUSD,JASMY,BUSD
1058,binance,spot,JASMY/BNB,JASMY,BNB
1059,binance,spot,JASMY/BTC,JASMY,BTC
1060,binance,spot,AMP/BTC,AMP,BTC
1061,binance,spot,AMP/BUSD,AMP,BUSD
1062,binance,spot,AMP/USDT,AMP,USDT
1063,binance,spot,PLA/BTC,PLA,BTC
1064,binance,spot,PLA/BNB,PLA,BNB
1065,binance,spot,PLA/BUSD,PLA,BUSD
1066,binance,spot,PLA/USDT,PLA,USDT
1067,binance,spot,PYR/BTC,PYR,BTC
1068,binance,spot,PYR/BUSD,PYR,BUSD
1069,binance,spot,PYR/USDT,PYR,USDT
1070,binance,spot,RNDR/BTC,RNDR,BTC
1071,binance,spot,RNDR/USDT,RNDR,USDT
1072,binance,spot,RNDR/BUSD,RNDR,BUSD
1073,binance,spot,ALCX/BTC,ALCX,BTC
1074,binance,spot,ALCX/BUSD,ALCX,BUSD
1075,binance,spot,ALCX/USDT,ALCX,USDT
1076,binance,spot,SANTOS/BTC,SANTOS,BTC
1077,binance,spot,SANTOS/USDT,SANTOS,USDT
1078,binance,spot,SANTOS/BRL,SANTOS,BRL
1079,binance,spot,SANTOS/TRY,SANTOS,TRY
1080,binance,spot,MC/BTC,MC,BTC
1081,binance,spot,MC/BUSD,MC,BUSD
1082,binance,spot,MC/USDT,MC,USDT
1083,binance,spot,BEL/TRY,BEL,TRY
1084,binance,spot,COCOS/BUSD,COCOS,BUSD
1085,binance,spot,DENT/TRY,DENT,TRY
1086,binance,spot,ENJ/TRY,ENJ,TRY
1087,binance,spot,NEO/RUB,NEO,RUB
1088,binance,spot,SAND/AUD,SAND,AUD
1089,binance,spot,BICO/BTC,BICO,BTC
1090,binance,spot,BICO/BUSD,BICO,BUSD
1091,binance,spot,BICO/USDT,BICO,USDT
1092,binance,spot,FLUX/BTC,FLUX,BTC
1093,binance,spot,FLUX/BUSD,FLUX,BUSD
1094,binance,spot,FLUX/USDT,FLUX,USDT
1095,binance,spot,ALICE/TRY,ALICE,TRY
1096,binance,spot,FXS/USDT,FXS,USDT
1097,binance,spot,GALA/BRL,GALA,BRL
1098,binance,spot,GALA/TRY,GALA,TRY
1099,binance,spot,LUNA/TRY,LUNA,TRY
1100,binance,spot,REQ/BUSD,REQ,BUSD
1101,binance,spot,SAND/BRL,SAND,BRL
1102,binance,spot,VOXEL/BTC,VOXEL,BTC
1103,binance,spot,VOXEL/BNB,VOXEL,BNB
1104,binance,spot,VOXEL/BUSD,VOXEL,BUSD
1105,binance,spot,VOXEL/USDT,VOXEL,USDT
1106,binance,spot,COS/BUSD,COS,BUSD
1107,binance,spot,CTXC/BUSD,CTXC,BUSD
1108,binance,spot,FTM/TRY,FTM,TRY
1109,binance,spot,MINA/TRY,MINA,TRY
1110,binance,spot,XTZ/TRY,XTZ,TRY
1111,binance,spot,HIGH/BTC,HIGH,BTC
1112,binance,spot,HIGH/BUSD,HIGH,BUSD
1113,binance,spot,HIGH/USDT,HIGH,USDT
1114,binance,spot,CVX/BTC,CVX,BTC
1115,binance,spot,CVX/BUSD,CVX,BUSD
1116,binance,spot,CVX/USDT,CVX,USDT
1117,binance,spot,PEOPLE/BTC,PEOPLE,BTC
1118,binance,spot,PEOPLE/BUSD,PEOPLE,BUSD
1119,binance,spot,PEOPLE/USDT,PEOPLE,USDT
1120,binance,spot,OOKI/BUSD,OOKI,BUSD
1121,binance,spot,OOKI/USDT,OOKI,USDT
1122,binance,spot,COCOS/TRY,COCOS,TRY
1123,binance,spot,LINK/BNB,LINK,BNB
1124,binance,spot,MDT/BUSD,MDT,BUSD
1125,binance,spot,NULS/BUSD,NULS,BUSD
1126,binance,spot,SPELL/USDT,SPELL,USDT
1127,binance,spot,SPELL/BUSD,SPELL,BUSD
1128,binance,spot,JOE/BTC,JOE,BTC
1129,binance,spot,JOE/BUSD,JOE,BUSD
1130,binance,spot,JOE/USDT,JOE,USDT
1131,binance,spot,ATOM/ETH,ATOM,ETH
1132,binance,spot,DUSK/BUSD,DUSK,BUSD
1133,binance,spot,EGLD/ETH,EGLD,ETH
1134,binance,spot,ICP/ETH,ICP,ETH
1135,binance,spot,NEAR/ETH,NEAR,ETH
1136,binance,spot,ALICE/BNB,ALICE,BNB
1137,binance,spot,ATOM/TRY,ATOM,TRY
1138,binance,spot,GALA/AUD,GALA,AUD
1139,binance,spot,LRC/BNB,LRC,BNB
1140,binance,spot,ONE/ETH,ONE,ETH
1141,binance,spot,ACH/BTC,ACH,BTC
1142,binance,spot,ACH/BUSD,ACH,BUSD
1143,binance,spot,ACH/USDT,ACH,USDT
1144,binance,spot,IMX/BTC,IMX,BTC
1145,binance,spot,IMX/BUSD,IMX,BUSD
1146,binance,spot,IMX/USDT,IMX,USDT
1147,binance,spot,GLMR/BTC,GLMR,BTC
1148,binance,spot,GLMR/BUSD,GLMR,BUSD
1149,binance,spot,GLMR/USDT,GLMR,USDT
1150,binance,spot,ICP/TRY,ICP,TRY
1151,binance,spot,JASMY/ETH,JASMY,ETH
1152,binance,spot,ROSE/ETH,ROSE,ETH
1153,binance,spot,UMA/BUSD,UMA,BUSD
1154,binance,spot,UNI/ETH,UNI,ETH
1155,binance,spot,XTZ/ETH,XTZ,ETH
1156,binance,spot,LOKA/BTC,LOKA,BTC
1157,binance,spot,LOKA/BNB,LOKA,BNB
1158,binance,spot,LOKA/BUSD,LOKA,BUSD
1159,binance,spot,LOKA/USDT,LOKA,USDT
1160,binance,spot,CRV/ETH,CRV,ETH
1161,binance,spot,HIGH/BNB,HIGH,BNB
1162,binance,spot,NEAR/RUB,NEAR,RUB
1163,binance,spot,ROSE/TRY,ROSE,TRY
1164,binance,spot,SCRT/USDT,SCRT,USDT
1165,binance,spot,API3/BTC,API3,BTC
1166,binance,spot,API3/BUSD,API3,BUSD
1167,binance,spot,API3/USDT,API3,USDT
1168,binance,spot,BTTC/USDT,BTTC,USDT
1169,binance,spot,BTTC/TRY,BTTC,TRY
1170,binance,spot,ACA/BTC,ACA,BTC
1171,binance,spot,ACA/BUSD,ACA,BUSD
1172,binance,spot,ACA/USDT,ACA,USDT
1173,binance,spot,ANC/BUSD,ANC,BUSD
1174,binance,spot,BDOT/DOT,BDOT,DOT
1175,binance,spot,XNO/BTC,XNO,BTC
1176,binance,spot,XNO/ETH,XNO,ETH
1177,binance,spot,XNO/BUSD,XNO,BUSD
1178,binance,spot,XNO/USDT,XNO,USDT
1179,binance,spot,COS/TRY,COS,TRY
1180,binance,spot,KAVA/ETH,KAVA,ETH
1181,binance,spot,MC/BNB,MC,BNB
1182,binance,spot,ONE/TRY,ONE,TRY
1183,binance,spot,WOO/BTC,WOO,BTC
1184,binance,spot,WOO/BNB,WOO,BNB
1185,binance,spot,WOO/BUSD,WOO,BUSD
1186,binance,spot,WOO/USDT,WOO,USDT
1187,binance,spot,PEOPLE/BNB,PEOPLE,BNB
1188,binance,spot,SPELL/TRY,SPELL,TRY
1189,binance,spot,TFUEL/BUSD,TFUEL,BUSD
1190,binance,spot,AXS/TRY,AXS,TRY
1191,binance,spot,DAR/TRY,DAR,TRY
1192,binance,spot,NEAR/TRY,NEAR,TRY
1193,binance,spot,IDEX/BNB,IDEX,BNB
1194,binance,spot,ALPINE/EUR,ALPINE,EUR
1195,binance,spot,ALPINE/TRY,ALPINE,TRY
1196,binance,spot,ALPINE/USDT,ALPINE,USDT
1197,binance,spot,ALPINE/BTC,ALPINE,BTC
1198,binance,spot,T/USDT,T,USDT
1199,binance,spot,T/BUSD,T,BUSD
1200,binance,spot,BETA/ETH,BETA,ETH
1201,binance,spot,INJ/TRY,INJ,TRY
1202,binance,spot,ASTR/BUSD,ASTR,BUSD
1203,binance,spot,ASTR/USDT,ASTR,USDT
1204,binance,spot,API3/TRY,API3,TRY
1205,binance,spot,GLMR/BNB,GLMR,BNB
1206,binance,spot,MBOX/TRY,MBOX,TRY
1207,binance,spot,GMT/BTC,GMT,BTC
1208,binance,spot,GMT/BNB,GMT,BNB
1209,binance,spot,GMT/BUSD,GMT,BUSD
1210,binance,spot,GMT/USDT,GMT,USDT
1211,binance,spot,ATOM/EUR,ATOM,EUR
1212,binance,spot,GALA/EUR,GALA,EUR
1213,binance,spot,UMA/TRY,UMA,TRY
1214,binance,spot,KDA/BTC,KDA,BTC
1215,binance,spot,KDA/BUSD,KDA,BUSD
1216,binance,spot,KDA/USDT,KDA,USDT
1217,binance,spot,APE/USDT,APE,USDT
1218,binance,spot,APE/BUSD,APE,BUSD
1219,binance,spot,APE/BTC,APE,BTC
1220,binance,spot,ALPINE/BUSD,ALPINE,BUSD
1221,binance,spot,NEAR/EUR,NEAR,EUR
1222,binance,spot,TWT/TRY,TWT,TRY
1223,binance,spot,WAVES/EUR,WAVES,EUR
1224,binance,spot,APE/EUR,APE,EUR
1225,binance,spot,APE/TRY,APE,TRY
1226,binance,spot,BSW/USDT,BSW,USDT
1227,binance,spot,BSW/BUSD,BSW,BUSD
1228,binance,spot,BSW/BNB,BSW,BNB
1229,binance,spot,APE/BNB,APE,BNB
1230,binance,spot,GMT/BRL,GMT,BRL
1231,binance,spot,GMT/ETH,GMT,ETH
1232,binance,spot,JASMY/TRY,JASMY,TRY
1233,binance,spot,SANTOS/BUSD,SANTOS,BUSD
1234,binance,spot,APE/AUD,APE,AUD
1235,binance,spot,BIFI/USDT,BIFI,USDT
1236,binance,spot,GMT/EUR,GMT,EUR
1237,binance,spot,IMX/BNB,IMX,BNB
1238,binance,spot,RUNE/ETH,RUNE,ETH
1239,binance,spot,AVAX/GBP,AVAX,GBP
1240,binance,spot,MULTI/BTC,MULTI,BTC
1241,binance,spot,MULTI/BUSD,MULTI,BUSD
1242,binance,spot,MULTI/USDT,MULTI,USDT
1243,binance,spot,APE/ETH,APE,ETH
1244,binance,spot,FIL/TRY,FIL,TRY
1245,binance,spot,FTM/EUR,FTM,EUR
1246,binance,spot,GMT/GBP,GMT,GBP
1247,binance,spot,ZIL/TRY,ZIL,TRY
1248,binance,spot,GMT/TRY,GMT,TRY
1249,binance,spot,WAVES/TRY,WAVES,TRY
1250,binance,spot,ASTR/BTC,ASTR,BTC
1251,binance,spot,BSW/TRY,BSW,TRY
1252,binance,spot,FUN/BNB,FUN,BNB
1253,binance,spot,PORTO/BUSD,PORTO,BUSD
1254,binance,spot,STEEM/USDT,STEEM,USDT
1255,binance,spot,APE/BRL,APE,BRL
1256,binance,spot,AUDIO/TRY,AUDIO,TRY
1257,binance,spot,BTTC/BUSD,BTTC,BUSD
1258,binance,spot,GMT/AUD,GMT,AUD
1259,binance,spot,MBL/BUSD,MBL,BUSD
1260,binance,spot,MOB/USDT,MOB,USDT
1261,binance,spot,MOB/BUSD,MOB,BUSD
1262,binance,spot,MOB/BTC,MOB,BTC
1263,binance,spot,NEXO/USDT,NEXO,USDT
1264,binance,spot,NEXO/BUSD,NEXO,BUSD
1265,binance,spot,NEXO/BTC,NEXO,BTC
1266,binance,spot,REI/USDT,REI,USDT
1267,binance,spot,REI/BNB,REI,BNB
1268,binance,spot,GAL/USDT,GAL,USDT
1269,binance,spot,GAL/BUSD,GAL,BUSD
1270,binance,spot,GAL/BNB,GAL,BNB
1271,binance,spot,GAL/BTC,GAL,BTC
1272,binance,spot,JASMY/EUR,JASMY,EUR
1273,binance,spot,KNC/BNB,KNC,BNB
1274,binance,spot,GAL/EUR,GAL,EUR
1275,binance,spot,GAL/TRY,GAL,TRY
1276,binance,spot,LDO/BUSD,LDO,BUSD
1277,binance,spot,LDO/USDT,LDO,USDT
1278,binance,spot,LDO/BTC,LDO,BTC
1279,binance,spot,ENS/TRY,ENS,TRY
1280,binance,spot,DAR/EUR,DAR,EUR
1281,binance,spot,ALGO/ETH,ALGO,ETH
1282,binance,spot,ALGO/TRY,ALGO,TRY
1283,binance,spot,GAL/ETH,GAL,ETH
1284,binance,spot,EPX/USDT,EPX,USDT
1285,binance,spot,EPX/BUSD,EPX,BUSD
1286,binance,spot,RUNE/TRY,RUNE,TRY
1287,binance,spot,GAL/BRL,GAL,BRL
1288,binance,spot,STEEM/BUSD,STEEM,BUSD
1289,binance,spot,CVC/BUSD,CVC,BUSD
1290,binance,spot,REI/BUSD,REI,BUSD
1291,binance,spot,DREP/BUSD,DREP,BUSD
1292,binance,spot,AKRO/BUSD,AKRO,BUSD
1293,binance,spot,PUNDIX/BUSD,PUNDIX,BUSD
1294,binance,spot,LUNC/BUSD,LUNC,BUSD
1295,binance,spot,USTC/BUSD,USTC,BUSD
1296,binance,spot,OP/BTC,OP,BTC
1297,binance,spot,OP/BUSD,OP,BUSD
1298,binance,spot,OP/USDT,OP,USDT
1299,binance,spot,OG/BUSD,OG,BUSD
1300,binance,spot,KEY/BUSD,KEY,BUSD
1301,binance,spot,ASR/BUSD,ASR,BUSD
1302,binance,spot,FIRO/BUSD,FIRO,BUSD
1303,binance,spot,NKN/BUSD,NKN,BUSD
1304,binance,spot,OP/BNB,OP,BNB
1305,binance,spot,OP/EUR,OP,EUR
1306,binance,spot,SNX/ETH,SNX,ETH
1307,binance,spot,WBTC/BUSD,WBTC,BUSD
1308,binance,spot,BEL/ETH,BEL,ETH
1309,binance,spot,LIT/ETH,LIT,ETH
1310,binance,spot,LEVER/USDT,LEVER,USDT
1311,binance,spot,LEVER/BUSD,LEVER,BUSD
1312,binance,spot,BURGER/ETH,BURGER,ETH
1313,binance,spot,PEOPLE/ETH,PEOPLE,ETH
1314,binance,spot,UNFI/ETH,UNFI,ETH
1315,binance,spot,STORJ/TRY,STORJ,TRY
1316,binance,spot,OP/ETH,OP,ETH
1317,binance,spot,ETC/TRY,ETC,TRY
1318,binance,spot,WING/ETH,WING,ETH
1319,binance,spot,FIL/ETH,FIL,ETH
1320,binance,spot,GLM/BUSD,GLM,BUSD
1321,binance,spot,SSV/BUSD,SSV,BUSD
1322,binance,spot,STG/BTC,STG,BTC
1323,binance,spot,STG/BUSD,STG,BUSD
1324,binance,spot,STG/USDT,STG,USDT
1325,binance,spot,ANKR/TRY,ANKR,TRY
1326,binance,spot,ARK/BUSD,ARK,BUSD
1327,binance,spot,BETH/BUSD,BETH,BUSD
1328,binance,spot,LOOM/BUSD,LOOM,BUSD
1329,binance,spot,SNM/BUSD,SNM,BUSD
1330,binance,spot,AMB/BUSD,AMB,BUSD
1331,binance,spot,LUNC/USDT,LUNC,USDT
1332,binance,spot,PHB/BUSD,PHB,BUSD
1333,binance,spot,GAS/BUSD,GAS,BUSD
1334,binance,spot,NEBL/BUSD,NEBL,BUSD
1335,binance,spot,PROS/BUSD,PROS,BUSD
1336,binance,spot,VIB/BUSD,VIB,BUSD
1337,binance,spot,GMX/BTC,GMX,BTC
1338,binance,spot,GMX/BUSD,GMX,BUSD
1339,binance,spot,GMX/USDT,GMX,USDT
1340,binance,spot,AGIX/BUSD,AGIX,BUSD
1341,binance,spot,NEBL/USDT,NEBL,USDT
1342,binance,spot,SNT/BUSD,SNT,BUSD
1343,binance,spot,POLYX/BTC,POLYX,BTC
1344,binance,spot,POLYX/BUSD,POLYX,BUSD
1345,binance,spot,POLYX/USDT,POLYX,USDT
1346,binance,spot,APT/BTC,APT,BTC
1347,binance,spot,APT/USDT,APT,USDT
1348,binance,spot,APT/BUSD,APT,BUSD
1349,binance,spot,BTC/PLN,BTC,PLN
1350,binance,spot,ETH/PLN,ETH,PLN
1351,binance,spot,BUSD/PLN,BUSD,PLN
1352,binance,spot,APT/EUR,APT,EUR
1353,binance,spot,APT/TRY,APT,TRY
1354,binance,spot,APT/BRL,APT,BRL
1355,binance,spot,QKC/BUSD,QKC,BUSD
1356,binance,spot,OSMO/BTC,OSMO,BTC
1357,binance,spot,OSMO/USDT,OSMO,USDT
1358,binance,spot,OSMO/BUSD,OSMO,BUSD
1359,binance,spot,HFT/BTC,HFT,BTC
1360,binance,spot,HFT/BUSD,HFT,BUSD
1361,binance,spot,HFT/USDT,HFT,USDT
1362,binance,spot,ARPA/ETH,ARPA,ETH
1363,binance,spot,PHB/USDT,PHB,USDT
1364,binance,spot,VITE/BUSD,VITE,BUSD
1365,binance,spot,HOOK/BTC,HOOK,BTC
1366,binance,spot,HOOK/USDT,HOOK,USDT
1367,binance,spot,HOOK/BUSD,HOOK,BUSD
1368,binance,spot,HOOK/BNB,HOOK,BNB
1369,binance,spot,MAGIC/BTC,MAGIC,BTC
1370,binance,spot,MAGIC/BUSD,MAGIC,BUSD
1371,binance,spot,MAGIC/USDT,MAGIC,USDT
1372,binance,spot,BUSD/RON,BUSD,RON
1373,binance,spot,HIFI/ETH,HIFI,ETH
1374,binance,spot,HIFI/USDT,HIFI,USDT
1375,binance,spot,RPL/BTC,RPL,BTC
1376,binance,spot,RPL/BUSD,RPL,BUSD
1377,binance,spot,RPL/USDT,RPL,USDT
1378,binance,spot,PROS/USDT,PROS,USDT
1379,binance,spot,FET/TRY,FET,TRY
1380,binance,spot,GFT/BUSD,GFT,BUSD
1381,binance,spot,AGIX/USDT,AGIX,USDT
1382,binance,spot,APT/ETH,APT,ETH
1383,binance,spot,BTC/RON,BTC,RON
1384,binance,spot,GNS/USDT,GNS,USDT
1385,binance,spot,GNS/BTC,GNS,BTC
1386,binance,spot,SYN/BTC,SYN,BTC
1387,binance,spot,SYN/USDT,SYN,USDT
1388,binance,swap,BTC/USDT:USDT,BTC,USDT
1389,binance,swap,ETH/USDT:USDT,ETH,USDT
1390,binance,swap,BCH/USDT:USDT,BCH,USDT
1391,binance,swap,XRP/USDT:USDT,XRP,USDT
1392,binance,swap,EOS/USDT:USDT,EOS,USDT
1393,binance,swap,LTC/USDT:USDT,LTC,USDT
1394,binance,swap,TRX/USDT:USDT,TRX,USDT
1395,binance,swap,ETC/USDT:USDT,ETC,USDT
1396,binance,swap,LINK/USDT:USDT,LINK,USDT
1397,binance,swap,XLM/USDT:USDT,XLM,USDT
1398,binance,swap,ADA/USDT:USDT,ADA,USDT
1399,binance,swap,XMR/USDT:USDT,XMR,USDT
1400,binance,swap,DASH/USDT:USDT,DASH,USDT
1401,binance,swap,ZEC/USDT:USDT,ZEC,USDT
1402,binance,swap,XTZ/USDT:USDT,XTZ,USDT
1403,binance,swap,BNB/USDT:USDT,BNB,USDT
1404,binance,swap,ATOM/USDT:USDT,ATOM,USDT
1405,binance,swap,ONT/USDT:USDT,ONT,USDT
1406,binance,swap,IOTA/USDT:USDT,IOTA,USDT
1407,binance,swap,BAT/USDT:USDT,BAT,USDT
1408,binance,swap,VET/USDT:USDT,VET,USDT
1409,binance,swap,NEO/USDT:USDT,NEO,USDT
1410,binance,swap,QTUM/USDT:USDT,QTUM,USDT
1411,binance,swap,IOST/USDT:USDT,IOST,USDT
1412,binance,swap,THETA/USDT:USDT,THETA,USDT
1413,binance,swap,ALGO/USDT:USDT,ALGO,USDT
1414,binance,swap,ZIL/USDT:USDT,ZIL,USDT
1415,binance,swap,KNC/USDT:USDT,KNC,USDT
1416,binance,swap,ZRX/USDT:USDT,ZRX,USDT
1417,binance,swap,COMP/USDT:USDT,COMP,USDT
1418,binance,swap,OMG/USDT:USDT,OMG,USDT
1419,binance,swap,DOGE/USDT:USDT,DOGE,USDT
1420,binance,swap,SXP/USDT:USDT,SXP,USDT
1421,binance,swap,KAVA/USDT:USDT,KAVA,USDT
1422,binance,swap,BAND/USDT:USDT,BAND,USDT
1423,binance,swap,RLC/USDT:USDT,RLC,USDT
1424,binance,swap,WAVES/USDT:USDT,WAVES,USDT
1425,binance,swap,MKR/USDT:USDT,MKR,USDT
1426,binance,swap,SNX/USDT:USDT,SNX,USDT
1427,binance,swap,DOT/USDT:USDT,DOT,USDT
1428,binance,swap,DEFI/USDT:USDT,DEFI,USDT
1429,binance,swap,YFI/USDT:USDT,YFI,USDT
1430,binance,swap,BAL/USDT:USDT,BAL,USDT
1431,binance,swap,CRV/USDT:USDT,CRV,USDT
1432,binance,swap,TRB/USDT:USDT,TRB,USDT
1433,binance,swap,RUNE/USDT:USDT,RUNE,USDT
1434,binance,swap,SUSHI/USDT:USDT,SUSHI,USDT
1435,binance,swap,EGLD/USDT:USDT,EGLD,USDT
1436,binance,swap,SOL/USDT:USDT,SOL,USDT
1437,binance,swap,ICX/USDT:USDT,ICX,USDT
1438,binance,swap,STORJ/USDT:USDT,STORJ,USDT
1439,binance,swap,BLZ/USDT:USDT,BLZ,USDT
1440,binance,swap,UNI/USDT:USDT,UNI,USDT
1441,binance,swap,AVAX/USDT:USDT,AVAX,USDT
1442,binance,swap,FTM/USDT:USDT,FTM,USDT
1443,binance,swap,HNT/USDT:USDT,HNT,USDT
1444,binance,swap,ENJ/USDT:USDT,ENJ,USDT
1445,binance,swap,FLM/USDT:USDT,FLM,USDT
1446,binance,swap,TOMO/USDT:USDT,TOMO,USDT
1447,binance,swap,REN/USDT:USDT,REN,USDT
1448,binance,swap,KSM/USDT:USDT,KSM,USDT
1449,binance,swap,NEAR/USDT:USDT,NEAR,USDT
1450,binance,swap,AAVE/USDT:USDT,AAVE,USDT
1451,binance,swap,FIL/USDT:USDT,FIL,USDT
1452,binance,swap,RSR/USDT:USDT,RSR,USDT
1453,binance,swap,LRC/USDT:USDT,LRC,USDT
1454,binance,swap,MATIC/USDT:USDT,MATIC,USDT
1455,binance,swap,OCEAN/USDT:USDT,OCEAN,USDT
1456,binance,swap,BEL/USDT:USDT,BEL,USDT
1457,binance,swap,CTK/USDT:USDT,CTK,USDT
1458,binance,swap,AXS/USDT:USDT,AXS,USDT
1459,binance,swap,ALPHA/USDT:USDT,ALPHA,USDT
1460,binance,swap,ZEN/USDT:USDT,ZEN,USDT
1461,binance,swap,SKL/USDT:USDT,SKL,USDT
1462,binance,swap,GRT/USDT:USDT,GRT,USDT
1463,binance,swap,1INCH/USDT:USDT,1INCH,USDT
1464,binance,swap,BTC/BUSD:BUSD,BTC,BUSD
1465,binance,swap,CHZ/USDT:USDT,CHZ,USDT
1466,binance,swap,SAND/USDT:USDT,SAND,USDT
1467,binance,swap,ANKR/USDT:USDT,ANKR,USDT
1468,binance,swap,LIT/USDT:USDT,LIT,USDT
1469,binance,swap,UNFI/USDT:USDT,UNFI,USDT
1470,binance,swap,REEF/USDT:USDT,REEF,USDT
1471,binance,swap,RVN/USDT:USDT,RVN,USDT
1472,binance,swap,SFP/USDT:USDT,SFP,USDT
1473,binance,swap,XEM/USDT:USDT,XEM,USDT
1474,binance,swap,COTI/USDT:USDT,COTI,USDT
1475,binance,swap,CHR/USDT:USDT,CHR,USDT
1476,binance,swap,MANA/USDT:USDT,MANA,USDT
1477,binance,swap,ALICE/USDT:USDT,ALICE,USDT
1478,binance,swap,HBAR/USDT:USDT,HBAR,USDT
1479,binance,swap,ONE/USDT:USDT,ONE,USDT
1480,binance,swap,LINA/USDT:USDT,LINA,USDT
1481,binance,swap,STMX/USDT:USDT,STMX,USDT
1482,binance,swap,DENT/USDT:USDT,DENT,USDT
1483,binance,swap,CELR/USDT:USDT,CELR,USDT
1484,binance,swap,HOT/USDT:USDT,HOT,USDT
1485,binance,swap,MTL/USDT:USDT,MTL,USDT
1486,binance,swap,OGN/USDT:USDT,OGN,USDT
1487,binance,swap,NKN/USDT:USDT,NKN,USDT
1488,binance,swap,DGB/USDT:USDT,DGB,USDT
1489,binance,swap,1000SHIB/USDT:USDT,1000SHIB,USDT
1490,binance,swap,BAKE/USDT:USDT,BAKE,USDT
1491,binance,swap,GTC/USDT:USDT,GTC,USDT
1492,binance,swap,ETH/BUSD:BUSD,ETH,BUSD
1493,binance,swap,BTCDOM/USDT:USDT,BTCDOM,USDT
1494,binance,swap,BNB/BUSD:BUSD,BNB,BUSD
1495,binance,swap,ADA/BUSD:BUSD,ADA,BUSD
1496,binance,swap,XRP/BUSD:BUSD,XRP,BUSD
1497,binance,swap,IOTX/USDT:USDT,IOTX,USDT
1498,binance,swap,DOGE/BUSD:BUSD,DOGE,BUSD
1499,binance,swap,AUDIO/USDT:USDT,AUDIO,USDT
1500,binance,swap,C98/USDT:USDT,C98,USDT
1501,binance,swap,MASK/USDT:USDT,MASK,USDT
1502,binance,swap,ATA/USDT:USDT,ATA,USDT
1503,binance,swap,SOL/BUSD:BUSD,SOL,BUSD
1504,binance,swap,DYDX/USDT:USDT,DYDX,USDT
1505,binance,swap,1000XEC/USDT:USDT,1000XEC,USDT
1506,binance,swap,GALA/USDT:USDT,GALA,USDT
1507,binance,swap,CELO/USDT:USDT,CELO,USDT
1508,binance,swap,AR/USDT:USDT,AR,USDT
1509,binance,swap,KLAY/USDT:USDT,KLAY,USDT
1510,binance,swap,ARPA/USDT:USDT,ARPA,USDT
1511,binance,swap,CTSI/USDT:USDT,CTSI,USDT
1512,binance,swap,LPT/USDT:USDT,LPT,USDT
1513,binance,swap,ENS/USDT:USDT,ENS,USDT
1514,binance,swap,PEOPLE/USDT:USDT,PEOPLE,USDT
1515,binance,swap,ANT/USDT:USDT,ANT,USDT
1516,binance,swap,ROSE/USDT:USDT,ROSE,USDT
1517,binance,swap,DUSK/USDT:USDT,DUSK,USDT
1518,binance,swap,FLOW/USDT:USDT,FLOW,USDT
1519,binance,swap,IMX/USDT:USDT,IMX,USDT
1520,binance,swap,API3/USDT:USDT,API3,USDT
1521,binance,swap,GMT/USDT:USDT,GMT,USDT
1522,binance,swap,APE/USDT:USDT,APE,USDT
1523,binance,swap,WOO/USDT:USDT,WOO,USDT
1524,binance,swap,JASMY/USDT:USDT,JASMY,USDT
1525,binance,swap,DAR/USDT:USDT,DAR,USDT
1526,binance,swap,GAL/USDT:USDT,GAL,USDT
1527,binance,swap,AVAX/BUSD:BUSD,AVAX,BUSD
1528,binance,swap,NEAR/BUSD:BUSD,NEAR,BUSD
1529,binance,swap,GMT/BUSD:BUSD,GMT,BUSD
1530,binance,swap,APE/BUSD:BUSD,APE,BUSD
1531,binance,swap,GAL/BUSD:BUSD,GAL,BUSD
1532,binance,swap,FTM/BUSD:BUSD,FTM,BUSD
1533,binance,swap,DODO/BUSD:BUSD,DODO,BUSD
1534,binance,swap,GALA/BUSD:BUSD,GALA,BUSD
1535,binance,swap,TRX/BUSD:BUSD,TRX,BUSD
1536,binance,swap,1000LUNC/BUSD:BUSD,1000LUNC,BUSD
1537,binance,swap,LUNA2/BUSD:BUSD,LUNA2,BUSD
1538,binance,swap,OP/USDT:USDT,OP,USDT
1539,binance,swap,DOT/BUSD:BUSD,DOT,BUSD
1540,binance,swap,TLM/BUSD:BUSD,TLM,BUSD
1541,binance,swap,ICP/BUSD:BUSD,ICP,BUSD
1542,binance,swap,WAVES/BUSD:BUSD,WAVES,BUSD
1543,binance,swap,LINK/BUSD:BUSD,LINK,BUSD
1544,binance,swap,SAND/BUSD:BUSD,SAND,BUSD
1545,binance,swap,LTC/BUSD:BUSD,LTC,BUSD
1546,binance,swap,MATIC/BUSD:BUSD,MATIC,BUSD
1547,binance,swap,CVX/BUSD:BUSD,CVX,BUSD
1548,binance,swap,FIL/BUSD:BUSD,FIL,BUSD
1549,binance,swap,1000SHIB/BUSD:BUSD,1000SHIB,BUSD
1550,binance,swap,LEVER/BUSD:BUSD,LEVER,BUSD
1551,binance,swap,ETC/BUSD:BUSD,ETC,BUSD
1552,binance,swap,LDO/BUSD:BUSD,LDO,BUSD
1553,binance,swap,UNI/BUSD:BUSD,UNI,BUSD
1554,binance,swap,INJ/USDT:USDT,INJ,USDT
1555,binance,swap,STG/USDT:USDT,STG,USDT
1556,binance,swap,FOOTBALL/USDT:USDT,FOOTBALL,USDT
1557,binance,swap,SPELL/USDT:USDT,SPELL,USDT
1558,binance,swap,1000LUNC/USDT:USDT,1000LUNC,USDT
1559,binance,swap,LUNA2/USDT:USDT,LUNA2,USDT
1560,binance,swap,AMB/BUSD:BUSD,AMB,BUSD
1561,binance,swap,PHB/BUSD:BUSD,PHB,BUSD
1562,binance,swap,LDO/USDT:USDT,LDO,USDT
1563,binance,swap,CVX/USDT:USDT,CVX,USDT
1564,binance,swap,ICP/USDT:USDT,ICP,USDT
1565,binance,swap,APT/USDT:USDT,APT,USDT
1566,binance,swap,QNT/USDT:USDT,QNT,USDT
1567,binance,swap,APT/BUSD:BUSD,APT,BUSD
1568,binance,swap,BLUEBIRD/USDT:USDT,BLUEBIRD,USDT
1569,binance,future,ETH/USDT:USDT-230331,ETH,USDT
1570,binance,future,BTC/USDT:USDT-230331,BTC,USDT
1571,binance,swap,FET/USDT:USDT,FET,USDT
1572,binance,swap,AGIX/BUSD:BUSD,AGIX,BUSD
1573,binance,swap,FXS/USDT:USDT,FXS,USDT
1574,binance,swap,HOOK/USDT:USDT,HOOK,USDT
1575,binance,swap,MAGIC/USDT:USDT,MAGIC,USDT
1576,binance,swap,T/USDT:USDT,T,USDT
1577,binance,swap,RNDR/USDT:USDT,RNDR,USDT
1578,binance,swap,HIGH/USDT:USDT,HIGH,USDT
1579,binance,swap,MINA/USDT:USDT,MINA,USDT
1580,binance,swap,ASTR/USDT:USDT,ASTR,USDT
1581,binance,swap,AGIX/USDT:USDT,AGIX,USDT
1582,binance,swap,PHB/USDT:USDT,PHB,USDT
1583,binance,swap,GMX/USDT:USDT,GMX,USDT
1584,binance,swap,CFX/USDT:USDT,CFX,USDT
1585,binance,swap,STX/USDT:USDT,STX,USDT
1586,binance,swap,COCOS/USDT:USDT,COCOS,USDT
1587,binance,swap,BNX/USDT:USDT,BNX,USDT
1588,binance,swap,ACH/USDT:USDT,ACH,USDT
1589,binance,swap,BTC/USD:BTC,BTC,USD
1590,binance,future,BTC/USD:BTC-230331,BTC,USD
1591,binance,future,BTC/USD:BTC-230630,BTC,USD
1592,binance,swap,ETH/USD:ETH,ETH,USD
1593,binance,future,ETH/USD:ETH-230331,ETH,USD
1594,binance,future,ETH/USD:ETH-230630,ETH,USD
1595,binance,swap,LINK/USD:LINK,LINK,USD
1596,binance,swap,BNB/USD:BNB,BNB,USD
1597,binance,swap,TRX/USD:TRX,TRX,USD
1598,binance,swap,DOT/USD:DOT,DOT,USD
1599,binance,swap,ADA/USD:ADA,ADA,USD
1600,binance,swap,EOS/USD:EOS,EOS,USD
1601,binance,swap,LTC/USD:LTC,LTC,USD
1602,binance,swap,BCH/USD:BCH,BCH,USD
1603,binance,swap,XRP/USD:XRP,XRP,USD
1604,binance,swap,ETC/USD:ETC,ETC,USD
1605,binance,swap,FIL/USD:FIL,FIL,USD
1606,binance,swap,EGLD/USD:EGLD,EGLD,USD
1607,binance,swap,DOGE/USD:DOGE,DOGE,USD
1608,binance,swap,UNI/USD:UNI,UNI,USD
1609,binance,swap,THETA/USD:THETA,THETA,USD
1610,binance,swap,XLM/USD:XLM,XLM,USD
1611,binance,swap,SOL/USD:SOL,SOL,USD
1612,binance,swap,FTM/USD:FTM,FTM,USD
1613,binance,swap,SAND/USD:SAND,SAND,USD
1614,binance,swap,MANA/USD:MANA,MANA,USD
1615,binance,swap,AVAX/USD:AVAX,AVAX,USD
1616,binance,swap,MATIC/USD:MATIC,MATIC,USD
1617,binance,swap,NEAR/USD:NEAR,NEAR,USD
1618,binance,swap,ATOM/USD:ATOM,ATOM,USD
1619,binance,swap,AAVE/USD:AAVE,AAVE,USD
1620,binance,swap,AXS/USD:AXS,AXS,USD
1621,binance,swap,ROSE/USD:ROSE,ROSE,USD
1622,binance,swap,XTZ/USD:XTZ,XTZ,USD
1623,binance,swap,ICX/USD:ICX,ICX,USD
1624,binance,swap,ALGO/USD:ALGO,ALGO,USD
1625,binance,swap,RUNE/USD:RUNE,RUNE,USD
1626,binance,swap,APE/USD:APE,APE,USD
1627,binance,swap,KNC/USD:KNC,KNC,USD
1628,binance,swap,XMR/USD:XMR,XMR,USD
1629,binance,swap,GMT/USD:GMT,GMT,USD
1630,binance,swap,OP/USD:OP,OP,USD
1631,binance,swap,ENS/USD:ENS,ENS,USD
1632,binance,swap,CHZ/USD:CHZ,CHZ,USD
1633,binance,future,ADA/USD:ADA-230331,ADA,USD
1634,binance,future,LINK/USD:LINK-230331,LINK,USD
1635,binance,future,BCH/USD:BCH-230331,BCH,USD
1636,binance,future,DOT/USD:DOT-230331,DOT,USD
1637,binance,future,XRP/USD:XRP-230331,XRP,USD
1638,binance,future,LTC/USD:LTC-230331,LTC,USD
1639,binance,future,BNB/USD:BNB-230331,BNB,USD
1640,binance,swap,APT/USD:APT,APT,USD
1641,binance,future,ADA/USD:ADA-230630,ADA,USD
1642,binance,future,LINK/USD:LINK-230630,LINK,USD
1643,binance,future,BCH/USD:BCH-230630,BCH,USD
1644,binance,future,DOT/USD:DOT-230630,DOT,USD
1645,binance,future,XRP/USD:XRP-230630,XRP,USD
1646,binance,future,LTC/USD:LTC-230630,LTC,USD
1647,binance,future,BNB/USD:BNB-230630,BNB,USD
