,ex_name,symbol,ave_price
0,binance,ETH/BTC,0.0691695
1,binance,LTC/BTC,0.004047500000000001
2,binance,BNB/BTC,0.0130685
3,binance,NEO/BTC,0.0005345
4,binance,QTUM/ETH,0.0020945
5,binance,EOS/ETH,0.000694
6,binance,SNT/ETH,1.8265e-05
7,binance,BNT/ETH,0.00029549999999999997
8,binance,BCC/BTC,0.0
9,binance,GAS/BTC,0.0001511
10,binance,BNB/ETH,0.18885000000000002
11,binance,BTC/USDT,23251.02
12,binance,ETH/USDT,1608.5949999999998
13,binance,HSR/BTC,0.0
14,binance,OAX/ETH,0.0
15,binance,DNT/ETH,0.0
16,binance,MCO/ETH,0.0
17,binance,ICN/ETH,0.0
18,binance,MCO/BTC,0.0
19,binance,WTC/BTC,1.059e-05
20,binance,WTC/ETH,0.0
21,binance,LRC/BTC,1.5605e-05
22,binance,LRC/ETH,0.00022615500000000002
23,binance,QTUM/BTC,0.0001451
24,binance,YOYOW/BTC,0.0
25,binance,OMG/BTC,7.265e-05
26,binance,OMG/ETH,0.0010515
27,binance,ZRX/BTC,1.138e-05
28,binance,ZRX/ETH,0.00016455000000000002
29,binance,STRAT/BTC,0.0
30,binance,STRAT/ETH,0.0
31,binance,SNGLS/BTC,0.0
32,binance,SNGLS/ETH,0.0
33,binance,BQX/BTC,0.0
34,binance,BQX/ETH,0.0
35,binance,KNC/BTC,3.8915e-05
36,binance,KNC/ETH,0.0005629000000000001
37,binance,FUN/BTC,0.0
38,binance,FUN/ETH,4.36e-06
39,binance,SNM/BTC,3.574e-05
40,binance,SNM/ETH,0.0
41,binance,NEO/ETH,0.0077350000000000006
42,binance,IOTA/BTC,1.077e-05
43,binance,IOTA/ETH,0.00015545
44,binance,LINK/BTC,0.00031895000000000003
45,binance,LINK/ETH,0.0046105
46,binance,XVG/BTC,0.0
47,binance,XVG/ETH,2.07e-06
48,binance,SALT/BTC,0.0
49,binance,SALT/ETH,0.0
50,binance,MDA/BTC,0.0
51,binance,MDA/ETH,0.0
52,binance,MTL/BTC,5.566e-05
53,binance,MTL/ETH,0.0008049999999999999
54,binance,SUB/BTC,0.0
55,binance,SUB/ETH,0.0
56,binance,EOS/BTC,4.805e-05
57,binance,SNT/BTC,1.265e-06
58,binance,ETC/ETH,0.013205
59,binance,ETC/BTC,0.0009135
60,binance,MTH/BTC,0.0
61,binance,MTH/ETH,0.0
62,binance,ENG/BTC,0.0
63,binance,ENG/ETH,0.0
64,binance,DNT/BTC,0.0
65,binance,ZEC/BTC,0.001915
66,binance,ZEC/ETH,0.027680000000000003
67,binance,BNT/BTC,2.0385e-05
68,binance,AST/BTC,4.84e-06
69,binance,AST/ETH,0.0
70,binance,DASH/BTC,0.0030454999999999996
71,binance,DASH/ETH,0.044020000000000004
72,binance,OAX/BTC,1.1265000000000001e-05
73,binance,ICN/BTC,0.0
74,binance,BTG/BTC,0.0
75,binance,BTG/ETH,0.0
76,binance,EVX/BTC,0.0
77,binance,EVX/ETH,0.0
78,binance,REQ/BTC,4.745e-06
79,binance,REQ/ETH,0.0
80,binance,VIB/BTC,4.785e-06
81,binance,VIB/ETH,6.916999999999999e-05
82,binance,HSR/ETH,0.0
83,binance,TRX/BTC,2.9850000000000002e-06
84,binance,TRX/ETH,4.3105e-05
85,binance,POWR/BTC,8.88e-06
86,binance,POWR/ETH,0.00012869999999999998
87,binance,ARK/BTC,0.0
88,binance,ARK/ETH,0.0
89,binance,YOYOW/ETH,0.0
90,binance,XRP/BTC,1.6244999999999998e-05
91,binance,XRP/ETH,0.00023485
92,binance,MOD/BTC,0.0
93,binance,MOD/ETH,0.0
94,binance,ENJ/BTC,2.0540000000000003e-05
95,binance,ENJ/ETH,0.0002968
96,binance,STORJ/BTC,1.891e-05
97,binance,STORJ/ETH,0.0
98,binance,BNB/USDT,303.95
99,binance,VEN/BNB,0.0
100,binance,YOYOW/BNB,0.0
101,binance,POWR/BNB,0.0
102,binance,VEN/BTC,0.0
103,binance,VEN/ETH,0.0
104,binance,KMD/BTC,1.2235e-05
105,binance,KMD/ETH,0.0
106,binance,NULS/BNB,0.0
107,binance,RCN/BTC,0.0
108,binance,RCN/ETH,0.0
109,binance,RCN/BNB,0.0
110,binance,NULS/BTC,1.2065e-05
111,binance,NULS/ETH,0.0
112,binance,RDN/BTC,0.0
113,binance,RDN/ETH,0.0
114,binance,RDN/BNB,0.0
115,binance,XMR/BTC,0.006437
116,binance,XMR/ETH,0.09305
117,binance,DLT/BNB,0.0
118,binance,WTC/BNB,0.0
119,binance,DLT/BTC,0.0
120,binance,DLT/ETH,0.0
121,binance,AMB/BTC,1.04e-06
122,binance,AMB/ETH,0.0
123,binance,AMB/BNB,0.0
124,binance,BCC/ETH,0.0
125,binance,BCC/USDT,0.0
126,binance,BCC/BNB,0.0
127,binance,BAT/BTC,1.28e-05
128,binance,BAT/ETH,0.00018485000000000002
129,binance,BAT/BNB,0.0
130,binance,BCPT/BTC,0.0
131,binance,BCPT/ETH,0.0
132,binance,BCPT/BNB,0.0
133,binance,ARN/BTC,0.0
134,binance,ARN/ETH,0.0
135,binance,GVT/BTC,0.0
136,binance,GVT/ETH,0.0
137,binance,CDT/BTC,0.0
138,binance,CDT/ETH,0.0
139,binance,GXS/BTC,0.0
140,binance,GXS/ETH,0.0
141,binance,NEO/USDT,12.434999999999999
142,binance,NEO/BNB,0.04095
143,binance,POE/BTC,0.0
144,binance,POE/ETH,0.0
145,binance,QSP/BTC,0.0
146,binance,QSP/ETH,0.0
147,binance,QSP/BNB,0.0
148,binance,BTS/BTC,0.0
149,binance,BTS/ETH,0.0
150,binance,BTS/BNB,0.0
151,binance,XZC/BTC,0.0
152,binance,XZC/ETH,0.0
153,binance,XZC/BNB,0.0
154,binance,LSK/BTC,5.1055e-05
155,binance,LSK/ETH,0.0007379999999999999
156,binance,LSK/BNB,0.0
157,binance,TNT/BTC,0.0
158,binance,TNT/ETH,0.0
159,binance,FUEL/BTC,0.0
160,binance,FUEL/ETH,0.0
161,binance,MANA/BTC,2.8179999999999998e-05
162,binance,MANA/ETH,0.00040760000000000004
163,binance,BCD/BTC,0.0
164,binance,BCD/ETH,0.0
165,binance,DGD/BTC,0.0
166,binance,DGD/ETH,0.0
167,binance,IOTA/BNB,0.000823
168,binance,ADX/BTC,8.255000000000001e-06
169,binance,ADX/ETH,0.0001194
170,binance,ADX/BNB,0.0
171,binance,ADA/BTC,1.5665e-05
172,binance,ADA/ETH,0.0002264
173,binance,PPT/BTC,0.0
174,binance,PPT/ETH,0.0
175,binance,CMT/BTC,0.0
176,binance,CMT/ETH,0.0
177,binance,CMT/BNB,0.0
178,binance,XLM/BTC,3.785e-06
179,binance,XLM/ETH,5.475e-05
180,binance,XLM/BNB,0.00028965
181,binance,CND/BTC,0.0
182,binance,CND/ETH,0.0
183,binance,CND/BNB,0.0
184,binance,LEND/BTC,0.0
185,binance,LEND/ETH,0.0
186,binance,WABI/BTC,5.895e-06
187,binance,WABI/ETH,0.0
188,binance,WABI/BNB,0.0
189,binance,LTC/ETH,0.058505
190,binance,LTC/USDT,94.125
191,binance,LTC/BNB,0.30974999999999997
192,binance,TNB/BTC,0.0
193,binance,TNB/ETH,0.0
194,binance,WAVES/BTC,0.00011055
195,binance,WAVES/ETH,0.0015975
196,binance,WAVES/BNB,0.008465
197,binance,GTO/BTC,0.0
198,binance,GTO/ETH,0.0
199,binance,GTO/BNB,0.0
200,binance,ICX/BTC,1.0674999999999999e-05
201,binance,ICX/ETH,0.0
202,binance,ICX/BNB,0.0
203,binance,OST/BTC,0.0
204,binance,OST/ETH,0.0
205,binance,OST/BNB,0.0
206,binance,ELF/BTC,1.2125e-05
207,binance,ELF/ETH,0.0001753
208,binance,AION/BTC,0.0
209,binance,AION/ETH,0.0
210,binance,AION/BNB,0.0
211,binance,NEBL/BTC,7.112500000000001e-05
212,binance,NEBL/BNB,0.0
213,binance,BRD/BTC,0.0
214,binance,BRD/ETH,0.0
215,binance,BRD/BNB,0.0
216,binance,MCO/BNB,0.0
217,binance,EDO/BTC,0.0
218,binance,EDO/ETH,0.0
219,binance,WINGS/BTC,0.0
220,binance,WINGS/ETH,0.0
221,binance,NAV/BTC,0.0
222,binance,NAV/ETH,0.0
223,binance,NAV/BNB,0.0
224,binance,LUN/BTC,0.0
225,binance,LUN/ETH,0.0
226,binance,TRIG/BTC,0.0
227,binance,TRIG/ETH,0.0
228,binance,TRIG/BNB,0.0
229,binance,APPC/BTC,0.0
230,binance,APPC/ETH,0.0
231,binance,APPC/BNB,0.0
232,binance,VIBE/BTC,0.0
233,binance,VIBE/ETH,0.0
234,binance,RLC/BTC,8.2315e-05
235,binance,RLC/ETH,0.001191
236,binance,RLC/BNB,0.0
237,binance,INS/BTC,0.0
238,binance,INS/ETH,0.0
239,binance,PIVX/BTC,1.5620000000000003e-05
240,binance,PIVX/BNB,0.0
241,binance,IOST/BTC,4.949999999999999e-07
242,binance,IOST/ETH,7.14e-06
243,binance,CHAT/BTC,0.0
244,binance,CHAT/ETH,0.0
245,binance,STEEM/BTC,1.0330000000000001e-05
246,binance,STEEM/ETH,0.00014954999999999998
247,binance,STEEM/BNB,0.0
248,binance,NANO/BTC,0.0
249,binance,NANO/ETH,0.0
250,binance,NANO/BNB,0.0
251,binance,VIA/BTC,0.0
252,binance,VIA/ETH,0.0
253,binance,VIA/BNB,0.0
254,binance,BLZ/BTC,4.645e-06
255,binance,BLZ/ETH,0.0
256,binance,BLZ/BNB,0.0
257,binance,AE/BTC,0.0
258,binance,AE/ETH,0.0
259,binance,AE/BNB,0.0
260,binance,RPX/BTC,0.0
261,binance,RPX/ETH,0.0
262,binance,RPX/BNB,0.0
263,binance,NCASH/BTC,0.0
264,binance,NCASH/ETH,0.0
265,binance,NCASH/BNB,0.0
266,binance,POA/BTC,0.0
267,binance,POA/ETH,0.0
268,binance,POA/BNB,0.0
269,binance,ZIL/BTC,1.395e-06
270,binance,ZIL/ETH,2.0235e-05
271,binance,ZIL/BNB,0.0001071
272,binance,ONT/BTC,1.081e-05
273,binance,ONT/ETH,0.00015635
274,binance,ONT/BNB,0.0
275,binance,STORM/BTC,0.0
276,binance,STORM/ETH,0.0
277,binance,STORM/BNB,0.0
278,binance,QTUM/BNB,0.0
279,binance,QTUM/USDT,3.3695000000000004
280,binance,XEM/BTC,0.0
281,binance,XEM/ETH,0.0
282,binance,XEM/BNB,0.0
283,binance,WAN/BTC,1.1955e-05
284,binance,WAN/ETH,0.00017275
285,binance,WAN/BNB,0.0
286,binance,WPR/BTC,0.0
287,binance,WPR/ETH,0.0
288,binance,QLC/BTC,3.495e-06
289,binance,QLC/ETH,0.0
290,binance,SYS/BTC,7.86e-06
291,binance,SYS/ETH,0.0
292,binance,SYS/BNB,0.0
293,binance,QLC/BNB,0.0
294,binance,GRS/BTC,0.0
295,binance,GRS/ETH,0.0
296,binance,ADA/USDT,0.36425
297,binance,ADA/BNB,0.0011985
298,binance,CLOAK/BTC,0.0
299,binance,CLOAK/ETH,0.0
300,binance,GNT/BTC,0.0
301,binance,GNT/ETH,0.0
302,binance,GNT/BNB,0.0
303,binance,LOOM/BTC,2.435e-06
304,binance,LOOM/ETH,0.0
305,binance,LOOM/BNB,0.0
306,binance,XRP/USDT,0.37785
307,binance,BCN/BTC,0.0
308,binance,BCN/ETH,3.45e-06
309,binance,BCN/BNB,0.0
310,binance,REP/BTC,0.0
311,binance,REP/BNB,0.0
312,binance,BTC/TUSD,0.0
313,binance,TUSD/BTC,0.0
314,binance,ETH/TUSD,0.0
315,binance,TUSD/ETH,0.0
316,binance,TUSD/BNB,0.0
317,binance,ZEN/BTC,0.0005369999999999999
318,binance,ZEN/ETH,0.007765
319,binance,ZEN/BNB,0.0
320,binance,SKY/BTC,0.0
321,binance,SKY/ETH,0.0
322,binance,SKY/BNB,0.0
323,binance,EOS/USDT,1.1165
324,binance,EOS/BNB,0.00367
325,binance,CVC/BTC,0.0
326,binance,CVC/ETH,0.0
327,binance,CVC/BNB,0.0
328,binance,THETA/BTC,5.135e-05
329,binance,THETA/ETH,0.0007425
330,binance,THETA/BNB,0.003935
331,binance,XRP/BNB,0.0012430000000000002
332,binance,TUSD/USDT,0.0
333,binance,IOTA/USDT,0.25035
334,binance,XLM/USDT,0.08804999999999999
335,binance,IOTX/BTC,1.215e-06
336,binance,IOTX/ETH,1.7495e-05
337,binance,QKC/BTC,5.05e-07
338,binance,QKC/ETH,7.26e-06
339,binance,AGI/BTC,0.0
340,binance,AGI/ETH,0.0
341,binance,AGI/BNB,0.0
342,binance,NXS/BTC,0.0
343,binance,NXS/ETH,0.0
344,binance,NXS/BNB,0.0
345,binance,ENJ/BNB,0.001575
346,binance,DATA/BTC,1.8400000000000002e-06
347,binance,DATA/ETH,0.0
348,binance,ONT/USDT,0.25145
349,binance,TRX/BNB,0.00022825
350,binance,TRX/USDT,0.06934499999999999
351,binance,ETC/USDT,21.235
352,binance,ETC/BNB,0.0699
353,binance,ICX/USDT,0.2484
354,binance,SC/BTC,0.0
355,binance,SC/ETH,2.6300000000000002e-06
356,binance,NPXS/BTC,0.0
357,binance,NPXS/ETH,0.0
358,binance,VEN/USDT,0.0
359,binance,KEY/BTC,0.0
360,binance,KEY/ETH,0.0
361,binance,NAS/BTC,0.0
362,binance,NAS/ETH,0.0
363,binance,NAS/BNB,0.0
364,binance,MFT/BTC,0.0
365,binance,MFT/ETH,0.0
366,binance,MFT/BNB,0.0
367,binance,DENT/BTC,0.0
368,binance,DENT/ETH,7.450000000000001e-07
369,binance,ARDR/BTC,4.57e-06
370,binance,ARDR/ETH,0.0
371,binance,ARDR/BNB,0.0
372,binance,NULS/USDT,0.28105
373,binance,HOT/BTC,0.0
374,binance,HOT/ETH,1.275e-06
375,binance,VET/BTC,1.185e-06
376,binance,VET/ETH,1.718e-05
377,binance,VET/USDT,0.027635
378,binance,VET/BNB,9.09e-05
379,binance,DOCK/BTC,1.015e-06
380,binance,DOCK/ETH,0.0
381,binance,POLY/BTC,0.0
382,binance,POLY/BNB,0.0
383,binance,PHX/BTC,0.0
384,binance,PHX/ETH,0.0
385,binance,PHX/BNB,0.0
386,binance,HC/BTC,0.0
387,binance,HC/ETH,0.0
388,binance,GO/BTC,0.0
389,binance,GO/BNB,0.0
390,binance,PAX/BTC,0.0
391,binance,PAX/BNB,0.0
392,binance,PAX/USDT,0.0
393,binance,PAX/ETH,0.0
394,binance,RVN/BTC,1.365e-06
395,binance,DCR/BTC,0.001026
396,binance,DCR/BNB,0.0
397,binance,USDC/BNB,0.0
398,binance,MITH/BTC,0.0
399,binance,MITH/BNB,0.0
400,binance,BCH/BTC,0.005825
401,binance,BSV/BTC,0.0
402,binance,BCH/USDT,135.45
403,binance,BSV/USDT,0.0
404,binance,BNB/PAX,0.0
405,binance,BTC/PAX,0.0
406,binance,ETH/PAX,0.0
407,binance,XRP/PAX,0.0
408,binance,EOS/PAX,0.0
409,binance,XLM/PAX,0.0
410,binance,REN/BTC,4.045e-06
411,binance,REN/BNB,0.0
412,binance,BNB/TUSD,0.0
413,binance,XRP/TUSD,0.0
414,binance,EOS/TUSD,0.0
415,binance,XLM/TUSD,0.0
416,binance,BNB/USDC,0.0
417,binance,BTC/USDC,0.0
418,binance,ETH/USDC,0.0
419,binance,XRP/USDC,0.0
420,binance,EOS/USDC,0.0
421,binance,XLM/USDC,0.0
422,binance,USDC/USDT,0.0
423,binance,ADA/TUSD,0.0
424,binance,TRX/TUSD,0.0
425,binance,NEO/TUSD,0.0
426,binance,TRX/XRP,0.183635
427,binance,XZC/XRP,0.0
428,binance,PAX/TUSD,0.0
429,binance,USDC/TUSD,0.0
430,binance,USDC/PAX,0.0
431,binance,LINK/USDT,7.4155
432,binance,LINK/TUSD,0.0
433,binance,LINK/PAX,0.0
434,binance,LINK/USDC,0.0
435,binance,WAVES/USDT,2.5705
436,binance,WAVES/TUSD,0.0
437,binance,WAVES/PAX,0.0
438,binance,WAVES/USDC,0.0
439,binance,BCH/TUSD,0.0
440,binance,BCH/PAX,0.0
441,binance,BCH/USDC,0.0
442,binance,BSV/TUSD,0.0
443,binance,BSV/PAX,0.0
444,binance,BSV/USDC,0.0
445,binance,LTC/TUSD,0.0
446,binance,LTC/PAX,0.0
447,binance,LTC/USDC,0.0
448,binance,TRX/PAX,0.0
449,binance,TRX/USDC,0.0
450,binance,BTT/BTC,0.0
451,binance,BTT/BNB,0.0
452,binance,BTT/USDT,0.0
453,binance,BNB/USDS,0.0
454,binance,BTC/USDS,0.0
455,binance,USDS/USDT,0.0
456,binance,USDS/PAX,0.0
457,binance,USDS/TUSD,0.0
458,binance,USDS/USDC,0.0
459,binance,BTT/PAX,0.0
460,binance,BTT/TUSD,0.0
461,binance,BTT/USDC,0.0
462,binance,ONG/BNB,0.0
463,binance,ONG/BTC,1.4364999999999999e-05
464,binance,ONG/USDT,0.33385
465,binance,HOT/BNB,0.0
466,binance,HOT/USDT,0.0020565
467,binance,ZIL/USDT,0.032525
468,binance,ZRX/BNB,0.0
469,binance,ZRX/USDT,0.26445
470,binance,FET/BNB,0.0014055
471,binance,FET/BTC,1.8355e-05
472,binance,FET/USDT,0.42685
473,binance,BAT/USDT,0.29775
474,binance,XMR/BNB,0.49255000000000004
475,binance,XMR/USDT,149.75
476,binance,ZEC/BNB,0.14645
477,binance,ZEC/USDT,44.55
478,binance,ZEC/PAX,0.0
479,binance,ZEC/TUSD,0.0
480,binance,ZEC/USDC,0.0
481,binance,IOST/USDT,0.011485
482,binance,CELR/BNB,6.774e-05
483,binance,CELR/BTC,8.85e-07
484,binance,CELR/USDT,0.020595000000000002
485,binance,ADA/PAX,0.0
486,binance,ADA/USDC,0.0
487,binance,NEO/PAX,0.0
488,binance,NEO/USDC,0.0
489,binance,DASH/BNB,0.23325
490,binance,DASH/USDT,70.83
491,binance,NANO/USDT,0.0
492,binance,OMG/BNB,0.0
493,binance,OMG/USDT,1.6915
494,binance,THETA/USDT,1.1945000000000001
495,binance,ENJ/USDT,0.47775
496,binance,MITH/USDT,0.0
497,binance,MATIC/BNB,0.0042045
498,binance,MATIC/BTC,5.4955000000000005e-05
499,binance,MATIC/USDT,1.2779500000000001
500,binance,ATOM/BNB,0.04259
501,binance,ATOM/BTC,0.0005565500000000001
502,binance,ATOM/USDT,12.942499999999999
503,binance,ATOM/USDC,0.0
504,binance,ATOM/PAX,0.0
505,binance,ATOM/TUSD,0.0
506,binance,ETC/USDC,0.0
507,binance,ETC/PAX,0.0
508,binance,ETC/TUSD,0.0
509,binance,BAT/USDC,0.0
510,binance,BAT/PAX,0.0
511,binance,BAT/TUSD,0.0
512,binance,PHB/BNB,0.0
513,binance,PHB/BTC,5.8315e-05
514,binance,PHB/USDC,0.0
515,binance,PHB/TUSD,0.0
516,binance,PHB/PAX,0.0
517,binance,TFUEL/BNB,0.0
518,binance,TFUEL/BTC,2.635e-06
519,binance,TFUEL/USDT,0.06135
520,binance,TFUEL/USDC,0.0
521,binance,TFUEL/TUSD,0.0
522,binance,TFUEL/PAX,0.0
523,binance,ONE/BNB,7.27e-05
524,binance,ONE/BTC,9.450000000000001e-07
525,binance,ONE/USDT,0.022095
526,binance,ONE/TUSD,0.0
527,binance,ONE/PAX,0.0
528,binance,ONE/USDC,0.0
529,binance,FTM/BNB,0.0015213499999999999
530,binance,FTM/BTC,1.988e-05
531,binance,FTM/USDT,0.46215
532,binance,FTM/TUSD,0.0
533,binance,FTM/PAX,0.0
534,binance,FTM/USDC,0.0
535,binance,BTCB/BTC,0.0
536,binance,BCPT/TUSD,0.0
537,binance,BCPT/PAX,0.0
538,binance,BCPT/USDC,0.0
539,binance,ALGO/BNB,0.00083
540,binance,ALGO/BTC,1.0844999999999999e-05
541,binance,ALGO/USDT,0.25225
542,binance,ALGO/TUSD,0.0
543,binance,ALGO/PAX,0.0
544,binance,ALGO/USDC,0.0
545,binance,USDSB/USDT,0.0
546,binance,USDSB/USDS,0.0
547,binance,GTO/USDT,0.0
548,binance,GTO/PAX,0.0
549,binance,GTO/TUSD,0.0
550,binance,GTO/USDC,0.0
551,binance,ERD/BNB,0.0
552,binance,ERD/BTC,0.0
553,binance,ERD/USDT,0.0
554,binance,ERD/PAX,0.0
555,binance,ERD/USDC,0.0
556,binance,DOGE/BNB,0.0
557,binance,DOGE/BTC,3.505e-06
558,binance,DOGE/USDT,0.081455
559,binance,DOGE/PAX,0.0
560,binance,DOGE/USDC,0.0
561,binance,DUSK/BNB,0.0
562,binance,DUSK/BTC,9.11e-06
563,binance,DUSK/USDT,0.21175
564,binance,DUSK/USDC,0.0
565,binance,DUSK/PAX,0.0
566,binance,BGBP/USDC,0.0
567,binance,ANKR/BNB,0.00013825
568,binance,ANKR/BTC,1.805e-06
569,binance,ANKR/USDT,0.042075
570,binance,ANKR/TUSD,0.0
571,binance,ANKR/PAX,0.0
572,binance,ANKR/USDC,0.0
573,binance,ONT/PAX,0.0
574,binance,ONT/USDC,0.0
575,binance,WIN/BNB,3.3499999999999997e-07
576,binance,WIN/BTC,0.0
577,binance,WIN/USDT,0.00010105
578,binance,WIN/USDC,0.0
579,binance,COS/BNB,2.4585e-05
580,binance,COS/BTC,3.25e-07
581,binance,COS/USDT,0.007469999999999999
582,binance,TUSDB/TUSD,0.0
583,binance,NPXS/USDT,0.0
584,binance,NPXS/USDC,0.0
585,binance,COCOS/BNB,0.0080375
586,binance,COCOS/BTC,0.0
587,binance,COCOS/USDT,2.4423500000000002
588,binance,MTL/USDT,1.2955
589,binance,TOMO/BNB,0.0
590,binance,TOMO/BTC,1.8995e-05
591,binance,TOMO/USDT,0.4406
592,binance,TOMO/USDC,0.0
593,binance,PERL/BNB,0.0
594,binance,PERL/BTC,0.0
595,binance,PERL/USDC,0.0
596,binance,PERL/USDT,0.02282
597,binance,DENT/USDT,0.001203
598,binance,MFT/USDT,0.0
599,binance,KEY/USDT,0.0
600,binance,STORM/USDT,0.0
601,binance,DOCK/USDT,0.023655000000000002
602,binance,WAN/USDT,0.2781
603,binance,FUN/USDT,0.007025
604,binance,CVC/USDT,0.0
605,binance,BTT/TRX,0.0
606,binance,WIN/TRX,0.0014565
607,binance,CHZ/BNB,0.00044235
608,binance,CHZ/BTC,5.78e-06
609,binance,CHZ/USDT,0.13445000000000001
610,binance,BAND/BNB,0.0
611,binance,BAND/BTC,8.625e-05
612,binance,BAND/USDT,2.0054999999999996
613,binance,BNB/BUSD,303.85
614,binance,BTC/BUSD,23255.394999999997
615,binance,BUSD/USDT,0.99985
616,binance,BEAM/BNB,0.0
617,binance,BEAM/BTC,0.0
618,binance,BEAM/USDT,0.0
619,binance,XTZ/BNB,0.0039635
620,binance,XTZ/BTC,5.1835e-05
621,binance,XTZ/USDT,1.2055
622,binance,REN/USDT,0.09401
623,binance,RVN/USDT,0.031799999999999995
624,binance,HC/USDT,0.0
625,binance,HBAR/BNB,0.0002471
626,binance,HBAR/BTC,3.225e-06
627,binance,HBAR/USDT,0.07505
628,binance,NKN/BNB,0.0
629,binance,NKN/BTC,5.225e-06
630,binance,NKN/USDT,0.1216
631,binance,XRP/BUSD,0.37785
632,binance,ETH/BUSD,1609.0149999999999
633,binance,BCH/BUSD,135.45
634,binance,LTC/BUSD,94.13499999999999
635,binance,LINK/BUSD,7.4175
636,binance,ETC/BUSD,21.244999999999997
637,binance,STX/BNB,0.0024625000000000003
638,binance,STX/BTC,3.2179999999999993e-05
639,binance,STX/USDT,0.74795
640,binance,KAVA/BNB,0.00283
641,binance,KAVA/BTC,3.71e-05
642,binance,KAVA/USDT,0.8625
643,binance,BUSD/NGN,0.0
644,binance,BNB/NGN,0.0
645,binance,BTC/NGN,0.0
646,binance,ARPA/BNB,0.00014084999999999998
647,binance,ARPA/BTC,1.8400000000000002e-06
648,binance,ARPA/USDT,0.042800000000000005
649,binance,TRX/BUSD,0.06936500000000001
650,binance,EOS/BUSD,1.1165
651,binance,IOTX/USDT,0.028145
652,binance,RLC/USDT,1.9155
653,binance,MCO/USDT,0.0
654,binance,XLM/BUSD,0.08815
655,binance,ADA/BUSD,0.36425
656,binance,CTXC/BNB,0.0
657,binance,CTXC/BTC,1.1485e-05
658,binance,CTXC/USDT,0.26685000000000003
659,binance,BCH/BNB,0.4455
660,binance,BTC/RUB,1768555.0
661,binance,ETH/RUB,122332.55
662,binance,XRP/RUB,28.72
663,binance,BNB/RUB,23112.519999999997
664,binance,TROY/BNB,0.0
665,binance,TROY/BTC,0.0
666,binance,TROY/USDT,0.003473
667,binance,BUSD/RUB,76.045
668,binance,QTUM/BUSD,3.3705
669,binance,VET/BUSD,0.027635
670,binance,VITE/BNB,0.0
671,binance,VITE/BTC,1.2250000000000001e-06
672,binance,VITE/USDT,0.028409999999999998
673,binance,FTT/BNB,0.0
674,binance,FTT/BTC,0.0
675,binance,FTT/USDT,0.0
676,binance,BTC/TRY,451979.5
677,binance,BNB/TRY,5906.5
678,binance,BUSD/TRY,19.435000000000002
679,binance,ETH/TRY,31261.0
680,binance,XRP/TRY,7.3435
681,binance,USDT/TRY,19.435000000000002
682,binance,USDT/RUB,76.05
683,binance,BTC/EUR,22079.745000000003
684,binance,ETH/EUR,1527.45
685,binance,BNB/EUR,288.55
686,binance,XRP/EUR,0.35875
687,binance,EUR/BUSD,1.0532499999999998
688,binance,EUR/USDT,1.0530499999999998
689,binance,OGN/BNB,0.0
690,binance,OGN/BTC,5.785e-06
691,binance,OGN/USDT,0.13445000000000001
692,binance,DREP/BNB,0.0
693,binance,DREP/BTC,2.277e-05
694,binance,DREP/USDT,0.52955
695,binance,BULL/USDT,0.0
696,binance,BULL/BUSD,0.0
697,binance,BEAR/USDT,0.0
698,binance,BEAR/BUSD,0.0
699,binance,ETHBULL/USDT,0.0
700,binance,ETHBULL/BUSD,0.0
701,binance,ETHBEAR/USDT,0.0
702,binance,ETHBEAR/BUSD,0.0
703,binance,TCT/BNB,0.0
704,binance,TCT/BTC,0.0
705,binance,TCT/USDT,0.0
706,binance,WRX/BNB,0.000627
707,binance,WRX/BTC,8.185e-06
708,binance,WRX/USDT,0.19014999999999999
709,binance,ICX/BUSD,0.24855
710,binance,BTS/USDT,0.011355
711,binance,BTS/BUSD,0.0
712,binance,LSK/USDT,1.1865
713,binance,BNT/USDT,0.4755
714,binance,BNT/BUSD,0.4755
715,binance,LTO/BNB,0.0
716,binance,LTO/BTC,5.33e-06
717,binance,LTO/USDT,0.1238
718,binance,ATOM/BUSD,12.9445
719,binance,DASH/BUSD,70.83
720,binance,NEO/BUSD,12.445
721,binance,WAVES/BUSD,2.5700000000000003
722,binance,XTZ/BUSD,1.2055
723,binance,EOSBULL/USDT,0.0
724,binance,EOSBULL/BUSD,0.0
725,binance,EOSBEAR/USDT,0.0
726,binance,EOSBEAR/BUSD,0.0
727,binance,XRPBULL/USDT,0.0
728,binance,XRPBULL/BUSD,0.0
729,binance,XRPBEAR/USDT,0.0
730,binance,XRPBEAR/BUSD,0.0
731,binance,BAT/BUSD,0.29779999999999995
732,binance,ENJ/BUSD,0.47795
733,binance,NANO/BUSD,0.0
734,binance,ONT/BUSD,0.25145
735,binance,RVN/BUSD,0.031795000000000004
736,binance,STRAT/BUSD,0.0
737,binance,STRAT/BNB,0.0
738,binance,STRAT/USDT,0.0
739,binance,AION/BUSD,0.0
740,binance,AION/USDT,0.012879999999999999
741,binance,MBL/BNB,0.0
742,binance,MBL/BTC,0.0
743,binance,MBL/USDT,0.0039215
744,binance,COTI/BNB,0.00029135
745,binance,COTI/BTC,3.805e-06
746,binance,COTI/USDT,0.08854999999999999
747,binance,ALGO/BUSD,0.25234999999999996
748,binance,BTT/BUSD,0.0
749,binance,TOMO/BUSD,0.44065
750,binance,XMR/BUSD,149.8
751,binance,ZEC/BUSD,44.55
752,binance,BNBBULL/USDT,0.0
753,binance,BNBBULL/BUSD,0.0
754,binance,BNBBEAR/USDT,0.0
755,binance,BNBBEAR/BUSD,0.0
756,binance,STPT/BNB,0.0
757,binance,STPT/BTC,2.285e-06
758,binance,STPT/USDT,0.053095
759,binance,BTC/ZAR,435603.0
760,binance,ETH/ZAR,30142.5
761,binance,BNB/ZAR,0.0
762,binance,USDT/ZAR,0.0
763,binance,BUSD/ZAR,18.725
764,binance,BTC/BKRW,0.0
765,binance,ETH/BKRW,0.0
766,binance,BNB/BKRW,0.0
767,binance,WTC/USDT,0.24614999999999998
768,binance,DATA/BUSD,0.04284
769,binance,DATA/USDT,0.042815
770,binance,XZC/USDT,0.0
771,binance,SOL/BNB,0.07525000000000001
772,binance,SOL/BTC,0.00098305
773,binance,SOL/USDT,22.855
774,binance,SOL/BUSD,22.865000000000002
775,binance,BTC/IDRT,0.0
776,binance,BNB/IDRT,0.0
777,binance,USDT/IDRT,15331.5
778,binance,BUSD/IDRT,0.0
779,binance,CTSI/BTC,7.1e-06
780,binance,CTSI/USDT,0.1652
781,binance,CTSI/BNB,0.000544
782,binance,CTSI/BUSD,0.1652
783,binance,HIVE/BNB,0.0
784,binance,HIVE/BTC,1.9645e-05
785,binance,HIVE/USDT,0.4569
786,binance,CHR/BNB,0.0005803
787,binance,CHR/BTC,7.59e-06
788,binance,CHR/USDT,0.17654999999999998
789,binance,BTCUP/USDT,4.4465
790,binance,BTCDOWN/USDT,0.015946500000000002
791,binance,GXS/USDT,0.0
792,binance,ARDR/USDT,0.10645
793,binance,ERD/BUSD,0.0
794,binance,LEND/USDT,0.0
795,binance,HBAR/BUSD,0.0751
796,binance,MATIC/BUSD,1.2781500000000001
797,binance,WRX/BUSD,0.1902
798,binance,ZIL/BUSD,0.03253
799,binance,MDT/BNB,0.0
800,binance,MDT/BTC,2.635e-06
801,binance,MDT/USDT,0.061200000000000004
802,binance,STMX/BTC,3.05e-07
803,binance,STMX/ETH,0.0
804,binance,STMX/USDT,0.007050000000000001
805,binance,KNC/BUSD,0.9055
806,binance,KNC/USDT,0.9055
807,binance,REP/BUSD,0.0
808,binance,REP/USDT,0.0
809,binance,LRC/BUSD,0.36285
810,binance,LRC/USDT,0.36275
811,binance,IQ/BNB,0.0
812,binance,IQ/BUSD,0.007145
813,binance,PNT/BTC,0.0
814,binance,PNT/USDT,0.20465
815,binance,BTC/GBP,19502.955
816,binance,ETH/GBP,1348.905
817,binance,XRP/GBP,0.31679999999999997
818,binance,BNB/GBP,254.85000000000002
819,binance,GBP/BUSD,1.1925
820,binance,DGB/BTC,4.949999999999999e-07
821,binance,DGB/BUSD,0.0115
822,binance,BTC/UAH,925054.5
823,binance,USDT/UAH,39.785
824,binance,COMP/BTC,0.002212
825,binance,COMP/BNB,0.0
826,binance,COMP/BUSD,51.44
827,binance,COMP/USDT,51.445
828,binance,BTC/BIDR,356275942.0
829,binance,ETH/BIDR,24653018.0
830,binance,BNB/BIDR,4657269.5
831,binance,BUSD/BIDR,15316.5
832,binance,USDT/BIDR,15321.5
833,binance,BKRW/USDT,0.0
834,binance,BKRW/BUSD,0.0
835,binance,SC/USDT,0.0042450000000000005
836,binance,ZEN/USDT,12.495000000000001
837,binance,SXP/BTC,1.389e-05
838,binance,SXP/BNB,0.0010635
839,binance,SXP/BUSD,0.32315
840,binance,SNX/BTC,0.00010899999999999999
841,binance,SNX/BNB,0.008345
842,binance,SNX/BUSD,2.535
843,binance,SNX/USDT,2.5345
844,binance,ETHUP/USDT,4.3469999999999995
845,binance,ETHDOWN/USDT,0.4181
846,binance,ADAUP/USDT,0.4155
847,binance,ADADOWN/USDT,0.0026604999999999997
848,binance,LINKUP/USDT,0.00766
849,binance,LINKDOWN/USDT,0.0013305
850,binance,VTHO/BNB,0.0
851,binance,VTHO/BUSD,0.0
852,binance,VTHO/USDT,0.0016055000000000002
853,binance,DCR/BUSD,0.0
854,binance,DGB/USDT,0.011495
855,binance,GBP/USDT,1.1925
856,binance,STORJ/BUSD,0.43945
857,binance,SXP/USDT,0.32305
858,binance,IRIS/BNB,0.0
859,binance,IRIS/BTC,1.525e-06
860,binance,IRIS/BUSD,0.0
861,binance,MKR/BNB,0.0
862,binance,MKR/BTC,0.03288
863,binance,MKR/USDT,764.5
864,binance,MKR/BUSD,764.5
865,binance,DAI/BNB,0.0
866,binance,DAI/BTC,0.0
867,binance,DAI/USDT,0.0
868,binance,DAI/BUSD,0.0
869,binance,RUNE/BNB,0.0053349999999999995
870,binance,RUNE/BTC,6.975e-05
871,binance,RUNE/BUSD,1.6225
872,binance,MANA/BUSD,0.65525
873,binance,DOGE/BUSD,0.081455
874,binance,LEND/BUSD,0.0
875,binance,ZRX/BUSD,0.26475
876,binance,DCR/USDT,23.88
877,binance,STORJ/USDT,0.43955
878,binance,XRP/BKRW,0.0
879,binance,ADA/BKRW,0.0
880,binance,BTC/AUD,34567.415
881,binance,ETH/AUD,2391.175
882,binance,AUD/BUSD,0.673
883,binance,FIO/BNB,0.0
884,binance,FIO/BTC,1.7500000000000002e-06
885,binance,FIO/BUSD,0.040650000000000006
886,binance,BNBUP/USDT,44.644999999999996
887,binance,BNBDOWN/USDT,0.01403
888,binance,XTZUP/USDT,0.0
889,binance,XTZDOWN/USDT,0.0
890,binance,AVA/BNB,0.0
891,binance,AVA/BTC,3.2935e-05
892,binance,AVA/BUSD,0.7665
893,binance,USDT/BKRW,0.0
894,binance,BUSD/BKRW,0.0
895,binance,IOTA/BUSD,0.25034999999999996
896,binance,MANA/USDT,0.65535
897,binance,XRP/AUD,0.5616
898,binance,BNB/AUD,451.8
899,binance,AUD/USDT,0.67265
900,binance,BAL/BNB,0.0
901,binance,BAL/BTC,0.00030125
902,binance,BAL/BUSD,7.0075
903,binance,YFI/BNB,0.0
904,binance,YFI/BTC,0.41685000000000005
905,binance,YFI/BUSD,9694.0
906,binance,YFI/USDT,9692.5
907,binance,BLZ/BUSD,0.10805000000000001
908,binance,KMD/BUSD,0.0
909,binance,BAL/USDT,7.0045
910,binance,BLZ/USDT,0.10805000000000001
911,binance,IRIS/USDT,0.035375000000000004
912,binance,KMD/USDT,0.2844
913,binance,BTC/DAI,23262.235
914,binance,ETH/DAI,1608.4850000000001
915,binance,BNB/DAI,304.0
916,binance,USDT/DAI,1.00015
917,binance,BUSD/DAI,1.0000499999999999
918,binance,JST/BNB,0.0
919,binance,JST/BTC,1.285e-06
920,binance,JST/BUSD,0.02996
921,binance,JST/USDT,0.029945
922,binance,SRM/BNB,0.0
923,binance,SRM/BTC,0.0
924,binance,SRM/BUSD,0.32386000000000004
925,binance,SRM/USDT,0.0
926,binance,ANT/BNB,0.009305
927,binance,ANT/BTC,0.00012174500000000001
928,binance,ANT/BUSD,2.8285
929,binance,ANT/USDT,2.8295000000000003
930,binance,CRV/BNB,0.0
931,binance,CRV/BTC,4.3255000000000005e-05
932,binance,CRV/BUSD,1.0065
933,binance,CRV/USDT,1.0065
934,binance,SAND/BNB,0.0023435
935,binance,SAND/BTC,3.0625e-05
936,binance,SAND/USDT,0.71205
937,binance,SAND/BUSD,0.71225
938,binance,OCEAN/BNB,0.001325
939,binance,OCEAN/BTC,1.7325e-05
940,binance,OCEAN/BUSD,0.40275
941,binance,OCEAN/USDT,0.4028
942,binance,NMR/BTC,0.000833
943,binance,NMR/BUSD,19.365000000000002
944,binance,NMR/USDT,19.369999999999997
945,binance,DOT/BNB,0.02172
946,binance,DOT/BTC,0.00028375000000000004
947,binance,DOT/BUSD,6.6
948,binance,DOT/USDT,6.5985
949,binance,LUNA/BNB,0.0
950,binance,LUNA/BTC,0.0
951,binance,LUNA/BUSD,1.7251500000000002
952,binance,LUNA/USDT,1.72505
953,binance,IDEX/BTC,2.715e-06
954,binance,IDEX/BUSD,0.06315499999999999
955,binance,RSR/BNB,1.666e-05
956,binance,RSR/BTC,0.0
957,binance,RSR/BUSD,0.0050395
958,binance,RSR/USDT,0.005039
959,binance,PAXG/BNB,5.8985
960,binance,PAXG/BTC,0.077075
961,binance,PAXG/BUSD,1792.5
962,binance,PAXG/USDT,1792.5
963,binance,WNXM/BNB,0.0
964,binance,WNXM/BTC,0.0
965,binance,WNXM/BUSD,0.0
966,binance,WNXM/USDT,21.9
967,binance,TRB/BNB,0.0
968,binance,TRB/BTC,0.0007885
969,binance,TRB/BUSD,18.299999999999997
970,binance,TRB/USDT,18.295
971,binance,ETH/NGN,0.0
972,binance,DOT/BIDR,0.0
973,binance,LINK/AUD,11.0265
974,binance,SXP/AUD,0.0
975,binance,BZRX/BNB,0.0
976,binance,BZRX/BTC,0.0
977,binance,BZRX/BUSD,0.0
978,binance,BZRX/USDT,0.0
979,binance,WBTC/BTC,1.0000499999999999
980,binance,WBTC/ETH,14.455
981,binance,SUSHI/BNB,0.0043549999999999995
982,binance,SUSHI/BTC,5.695e-05
983,binance,SUSHI/BUSD,1.3245
984,binance,SUSHI/USDT,1.3245
985,binance,YFII/BNB,0.0
986,binance,YFII/BTC,0.0
987,binance,YFII/BUSD,0.0
988,binance,YFII/USDT,1338.1
989,binance,KSM/BNB,0.0
990,binance,KSM/BTC,0.0016784999999999999
991,binance,KSM/BUSD,39.045
992,binance,KSM/USDT,39.04
993,binance,EGLD/BNB,0.16055
994,binance,EGLD/BTC,0.002097
995,binance,EGLD/BUSD,48.765
996,binance,EGLD/USDT,48.754999999999995
997,binance,DIA/BNB,0.0
998,binance,DIA/BTC,1.752e-05
999,binance,DIA/BUSD,0.4075
1000,binance,DIA/USDT,0.4075
1001,binance,RUNE/USDT,1.6235
1002,binance,FIO/USDT,0.04065
1003,binance,UMA/BTC,9.43e-05
1004,binance,UMA/USDT,2.194
1005,binance,EOSUP/USDT,0.0
1006,binance,EOSDOWN/USDT,0.0
1007,binance,TRXUP/USDT,0.0
1008,binance,TRXDOWN/USDT,0.0
1009,binance,XRPUP/USDT,0.1001
1010,binance,XRPDOWN/USDT,0.0002018
1011,binance,DOTUP/USDT,0.0
1012,binance,DOTDOWN/USDT,0.0
1013,binance,SRM/BIDR,0.0
1014,binance,ONE/BIDR,0.0
1015,binance,LINK/TRY,144.14999999999998
1016,binance,USDT/NGN,749.95
1017,binance,BEL/BNB,0.002669
1018,binance,BEL/BTC,3.4880000000000005e-05
1019,binance,BEL/BUSD,0.81065
1020,binance,BEL/USDT,0.81085
1021,binance,WING/BNB,0.0
1022,binance,WING/BTC,0.0003394
1023,binance,SWRV/BNB,0.0
1024,binance,SWRV/BUSD,0.0
1025,binance,WING/BUSD,7.890000000000001
1026,binance,WING/USDT,7.895
1027,binance,LTCUP/USDT,0.0
1028,binance,LTCDOWN/USDT,0.0
1029,binance,LEND/BKRW,0.0
1030,binance,SXP/EUR,0.0
1031,binance,CREAM/BNB,0.0
1032,binance,CREAM/BUSD,12.72
1033,binance,UNI/BNB,0.021554999999999998
1034,binance,UNI/BTC,0.0002816
1035,binance,UNI/BUSD,6.5495
1036,binance,UNI/USDT,6.548500000000001
1037,binance,NBS/BTC,0.0
1038,binance,NBS/USDT,0.0
1039,binance,OXT/BTC,4.17e-06
1040,binance,OXT/USDT,0.09684999999999999
1041,binance,SUN/BTC,0.0
1042,binance,SUN/USDT,0.007195
1043,binance,AVAX/BNB,0.059875
1044,binance,AVAX/BTC,0.0007827000000000001
1045,binance,AVAX/BUSD,18.205
1046,binance,AVAX/USDT,18.205
1047,binance,HNT/BTC,0.0
1048,binance,HNT/USDT,0.0
1049,binance,BAKE/BNB,0.0008405
1050,binance,BURGER/BNB,0.0025995000000000002
1051,binance,SXP/BIDR,0.0
1052,binance,LINK/BKRW,0.0
1053,binance,FLM/BNB,0.0
1054,binance,FLM/BTC,4.86e-06
1055,binance,FLM/BUSD,0.0
1056,binance,FLM/USDT,0.1131
1057,binance,SCRT/BTC,3.5675e-05
1058,binance,SCRT/ETH,0.00051695
1059,binance,CAKE/BNB,0.013185
1060,binance,CAKE/BUSD,4.0055
1061,binance,SPARTA/BNB,0.0
1062,binance,UNIUP/USDT,0.0
1063,binance,UNIDOWN/USDT,0.0
1064,binance,ORN/BTC,4.685e-05
1065,binance,ORN/USDT,1.088
1066,binance,TRX/NGN,0.0
1067,binance,SXP/TRY,6.288
1068,binance,UTK/BTC,5.15e-06
1069,binance,UTK/USDT,0.1198
1070,binance,XVS/BNB,0.018459999999999997
1071,binance,XVS/BTC,0.0002414
1072,binance,XVS/BUSD,5.62
1073,binance,XVS/USDT,5.615
1074,binance,ALPHA/BNB,0.0
1075,binance,ALPHA/BTC,6.02e-06
1076,binance,ALPHA/BUSD,0.14005
1077,binance,ALPHA/USDT,0.13990000000000002
1078,binance,VIDT/BTC,1.805e-06
1079,binance,VIDT/BUSD,0.0421
1080,binance,AAVE/BNB,0.2666
1081,binance,BTC/BRL,121236.0
1082,binance,USDT/BRL,5.2145
1083,binance,AAVE/BTC,0.0034835
1084,binance,AAVE/ETH,0.05035
1085,binance,AAVE/BUSD,81.05
1086,binance,AAVE/USDT,81.05
1087,binance,AAVE/BKRW,0.0
1088,binance,NEAR/BNB,0.0077005
1089,binance,NEAR/BTC,0.000100655
1090,binance,NEAR/BUSD,2.3405
1091,binance,NEAR/USDT,2.3415
1092,binance,SXPUP/USDT,0.0
1093,binance,SXPDOWN/USDT,0.0
1094,binance,DOT/BKRW,0.0
1095,binance,SXP/GBP,0.0
1096,binance,FIL/BNB,0.02229
1097,binance,FIL/BTC,0.00029124999999999995
1098,binance,FIL/BUSD,6.7735
1099,binance,FIL/USDT,6.7725
1100,binance,FILUP/USDT,0.0
1101,binance,FILDOWN/USDT,0.0
1102,binance,YFIUP/USDT,0.0
1103,binance,YFIDOWN/USDT,0.0
1104,binance,INJ/BNB,0.01226
1105,binance,INJ/BTC,0.0001602
1106,binance,INJ/BUSD,3.7249999999999996
1107,binance,INJ/USDT,3.7245
1108,binance,AERGO/BTC,5.92e-06
1109,binance,AERGO/BUSD,0.1377
1110,binance,LINK/EUR,7.043
1111,binance,ONE/BUSD,0.02209
1112,binance,EASY/ETH,0.0
1113,binance,AUDIO/BTC,1.447e-05
1114,binance,AUDIO/BUSD,0.33675
1115,binance,AUDIO/USDT,0.33655
1116,binance,CTK/BNB,0.002745
1117,binance,CTK/BTC,3.5814999999999995e-05
1118,binance,CTK/BUSD,0.8325
1119,binance,CTK/USDT,0.8334999999999999
1120,binance,BCHUP/USDT,0.0
1121,binance,BCHDOWN/USDT,0.0
1122,binance,BOT/BTC,0.0
1123,binance,BOT/BUSD,0.0
1124,binance,ETH/BRL,8388.385
1125,binance,DOT/EUR,6.2665
1126,binance,AKRO/BTC,0.0
1127,binance,AKRO/USDT,0.004665
1128,binance,KP3R/BNB,0.31295
1129,binance,KP3R/BUSD,94.78
1130,binance,AXS/BNB,0.0324
1131,binance,AXS/BTC,0.0004235
1132,binance,AXS/BUSD,9.855
1133,binance,AXS/USDT,9.855
1134,binance,HARD/BNB,0.0006709999999999999
1135,binance,HARD/BTC,8.785000000000001e-06
1136,binance,HARD/BUSD,0.2042
1137,binance,HARD/USDT,0.20405
1138,binance,BNB/BRL,1584.0
1139,binance,LTC/EUR,89.37
1140,binance,RENBTC/BTC,0.0
1141,binance,RENBTC/ETH,0.0
1142,binance,DNT/BUSD,0.0
1143,binance,DNT/USDT,0.0
1144,binance,SLP/ETH,2.0599999999999998e-06
1145,binance,ADA/EUR,0.34585
1146,binance,LTC/NGN,0.0
1147,binance,CVP/ETH,0.0003343
1148,binance,CVP/BUSD,0.53735
1149,binance,STRAX/BTC,2.6355e-05
1150,binance,STRAX/ETH,0.0
1151,binance,STRAX/BUSD,0.612
1152,binance,STRAX/USDT,0.6125
1153,binance,FOR/BTC,9.849999999999999e-07
1154,binance,FOR/BUSD,0.023035
1155,binance,UNFI/BNB,0.0
1156,binance,UNFI/BTC,0.00026484999999999996
1157,binance,UNFI/BUSD,6.1615
1158,binance,UNFI/USDT,6.157500000000001
1159,binance,FRONT/ETH,0.0
1160,binance,FRONT/BUSD,0.2492
1161,binance,BCHA/BUSD,0.0
1162,binance,ROSE/BTC,2.915e-06
1163,binance,ROSE/BUSD,0.06789500000000001
1164,binance,ROSE/USDT,0.0679
1165,binance,AVAX/TRY,353.79999999999995
1166,binance,BUSD/BRL,5.2135
1167,binance,AVA/USDT,0.7655000000000001
1168,binance,SYS/BUSD,0.18265
1169,binance,XEM/USDT,0.04125
1170,binance,HEGIC/ETH,0.0
1171,binance,HEGIC/BUSD,0.0
1172,binance,AAVEUP/USDT,0.0
1173,binance,AAVEDOWN/USDT,0.0
1174,binance,PROM/BNB,0.018055
1175,binance,PROM/BUSD,5.465
1176,binance,XRP/BRL,1.9700000000000002
1177,binance,XRP/NGN,0.0
1178,binance,SKL/BTC,2.085e-06
1179,binance,SKL/BUSD,0.04861
1180,binance,SKL/USDT,0.048585
1181,binance,BCH/EUR,128.64999999999998
1182,binance,YFI/EUR,9199.0
1183,binance,ZIL/BIDR,498.5
1184,binance,SUSD/BTC,0.0
1185,binance,SUSD/ETH,0.0
1186,binance,SUSD/USDT,0.0
1187,binance,COVER/ETH,0.0
1188,binance,COVER/BUSD,0.0
1189,binance,GLM/BTC,1.1694999999999999e-05
1190,binance,GLM/ETH,0.0
1191,binance,GHST/ETH,0.0
1192,binance,GHST/BUSD,1.5365
1193,binance,SUSHIUP/USDT,0.0
1194,binance,SUSHIDOWN/USDT,0.0
1195,binance,XLMUP/USDT,0.0
1196,binance,XLMDOWN/USDT,0.0
1197,binance,LINK/BRL,38.665
1198,binance,LINK/NGN,0.0
1199,binance,LTC/RUB,7156.15
1200,binance,TRX/TRY,1.3486500000000001
1201,binance,XLM/EUR,0.08365
1202,binance,DF/ETH,0.0
1203,binance,DF/BUSD,0.054349999999999996
1204,binance,GRT/BTC,6.725e-06
1205,binance,GRT/ETH,9.730000000000001e-05
1206,binance,GRT/USDT,0.15645
1207,binance,JUV/BTC,0.0
1208,binance,JUV/BUSD,2.815
1209,binance,JUV/USDT,2.825
1210,binance,PSG/BTC,0.00026475
1211,binance,PSG/BUSD,6.16
1212,binance,PSG/USDT,6.165
1213,binance,BUSD/BVND,0.0
1214,binance,USDT/BVND,0.0
1215,binance,1INCH/BTC,2.5295e-05
1216,binance,1INCH/USDT,0.5885
1217,binance,REEF/BTC,0.0
1218,binance,REEF/USDT,0.003319
1219,binance,OG/BTC,0.00012425
1220,binance,OG/USDT,2.8869999999999996
1221,binance,ATM/BTC,0.00013890000000000002
1222,binance,ATM/USDT,3.225
1223,binance,ASR/BTC,0.0
1224,binance,ASR/USDT,2.883
1225,binance,CELO/BTC,3.3669999999999994e-05
1226,binance,CELO/USDT,0.7825
1227,binance,RIF/BTC,6.09e-06
1228,binance,RIF/USDT,0.1416
1229,binance,CHZ/TRY,2.6135
1230,binance,XLM/TRY,1.7115
1231,binance,LINK/GBP,6.2195
1232,binance,GRT/EUR,0.14855000000000002
1233,binance,BTCST/BTC,0.0
1234,binance,BTCST/BUSD,0.0
1235,binance,BTCST/USDT,0.0
1236,binance,TRU/BTC,2.755e-06
1237,binance,TRU/BUSD,0.0
1238,binance,TRU/USDT,0.06405
1239,binance,DEXE/ETH,0.0019145
1240,binance,DEXE/BUSD,3.072
1241,binance,EOS/EUR,1.06
1242,binance,LTC/BRL,490.8
1243,binance,USDC/BUSD,0.0
1244,binance,TUSD/BUSD,0.0
1245,binance,PAX/BUSD,0.0
1246,binance,CKB/BTC,0.0
1247,binance,CKB/BUSD,0.004875
1248,binance,CKB/USDT,0.0048649999999999995
1249,binance,TWT/BTC,5.978e-05
1250,binance,TWT/BUSD,1.3905500000000002
1251,binance,TWT/USDT,1.3902999999999999
1252,binance,FIRO/BTC,0.00010850000000000001
1253,binance,FIRO/ETH,0.0
1254,binance,FIRO/USDT,2.5220000000000002
1255,binance,BETH/ETH,0.9854
1256,binance,DOGE/EUR,0.07735
1257,binance,DOGE/TRY,1.5835
1258,binance,DOGE/AUD,0.121055
1259,binance,DOGE/BRL,0.42464999999999997
1260,binance,DOT/NGN,0.0
1261,binance,PROS/ETH,0.00040879999999999996
1262,binance,LIT/BTC,5.4175e-05
1263,binance,LIT/BUSD,1.2605
1264,binance,LIT/USDT,1.2605
1265,binance,BTC/VAI,0.0
1266,binance,BUSD/VAI,1.0285
1267,binance,SFP/BTC,2.2765e-05
1268,binance,SFP/BUSD,0.52955
1269,binance,SFP/USDT,0.52945
1270,binance,DOGE/GBP,0.06831
1271,binance,DOT/TRY,128.25
1272,binance,FXS/BTC,0.00044609
1273,binance,FXS/BUSD,10.372499999999999
1274,binance,DODO/BTC,1.0314999999999999e-05
1275,binance,DODO/BUSD,0.24004999999999999
1276,binance,DODO/USDT,0.23995
1277,binance,FRONT/BTC,1.071e-05
1278,binance,EASY/BTC,0.0
1279,binance,CAKE/BTC,0.00017224999999999999
1280,binance,CAKE/USDT,4.0055
1281,binance,BAKE/BUSD,0.2552
1282,binance,UFT/ETH,0.0002686
1283,binance,UFT/BUSD,0.43185
1284,binance,1INCH/BUSD,0.5885
1285,binance,BAND/BUSD,2.005
1286,binance,GRT/BUSD,0.15645
1287,binance,IOST/BUSD,0.01149
1288,binance,OMG/BUSD,1.6909999999999998
1289,binance,REEF/BUSD,0.003319
1290,binance,ACM/BTC,0.0001203
1291,binance,ACM/BUSD,2.7965
1292,binance,ACM/USDT,2.7965
1293,binance,AUCTION/BTC,0.00027275
1294,binance,AUCTION/BUSD,6.34
1295,binance,PHA/BTC,7.2999999999999996e-06
1296,binance,PHA/BUSD,0.16975
1297,binance,DOT/GBP,5.5329999999999995
1298,binance,ADA/TRY,7.075
1299,binance,ADA/BRL,1.899
1300,binance,ADA/GBP,0.3054
1301,binance,TVK/BTC,2.0100000000000002e-06
1302,binance,TVK/BUSD,0.04675
1303,binance,BADGER/BTC,0.00014255
1304,binance,BADGER/BUSD,3.315
1305,binance,BADGER/USDT,3.3145
1306,binance,FIS/BTC,3.15e-05
1307,binance,FIS/BUSD,0.7323
1308,binance,FIS/USDT,0.73265
1309,binance,DOT/BRL,34.41
1310,binance,ADA/AUD,0.5414
1311,binance,HOT/TRY,0.039959999999999996
1312,binance,EGLD/EUR,46.295
1313,binance,OM/BTC,1.905e-06
1314,binance,OM/BUSD,0.044300000000000006
1315,binance,OM/USDT,0.04435
1316,binance,POND/BTC,5.149999999999999e-07
1317,binance,POND/BUSD,0.011895
1318,binance,POND/USDT,0.011905
1319,binance,DEGO/BTC,0.00010329
1320,binance,DEGO/BUSD,2.4065000000000003
1321,binance,DEGO/USDT,2.4059999999999997
1322,binance,AVAX/EUR,17.29
1323,binance,BTT/TRY,0.0
1324,binance,CHZ/BRL,0.7004999999999999
1325,binance,UNI/EUR,6.2195
1326,binance,ALICE/BTC,8.03e-05
1327,binance,ALICE/BUSD,1.867
1328,binance,ALICE/USDT,1.8675000000000002
1329,binance,CHZ/BUSD,0.13445000000000001
1330,binance,CHZ/EUR,0.12764999999999999
1331,binance,CHZ/GBP,0.11280000000000001
1332,binance,BIFI/BNB,0.0
1333,binance,BIFI/BUSD,461.7
1334,binance,LINA/BTC,4.85e-07
1335,binance,LINA/BUSD,0.011290999999999999
1336,binance,LINA/USDT,0.0112865
1337,binance,ADA/RUB,27.695
1338,binance,ENJ/BRL,2.491
1339,binance,ENJ/EUR,0.45365
1340,binance,MATIC/EUR,1.21345
1341,binance,NEO/TRY,241.85000000000002
1342,binance,PERP/BTC,4.4789999999999996e-05
1343,binance,PERP/BUSD,1.041425
1344,binance,PERP/USDT,1.04154
1345,binance,RAMP/BTC,0.0
1346,binance,RAMP/BUSD,0.0
1347,binance,RAMP/USDT,0.0
1348,binance,SUPER/BTC,6.625e-06
1349,binance,SUPER/BUSD,0.15405000000000002
1350,binance,SUPER/USDT,0.15410000000000001
1351,binance,CFX/BTC,9.825e-06
1352,binance,CFX/BUSD,0.22845
1353,binance,CFX/USDT,0.22845
1354,binance,ENJ/GBP,0.0
1355,binance,EOS/TRY,21.695
1356,binance,LTC/GBP,78.925
1357,binance,LUNA/EUR,0.0
1358,binance,RVN/TRY,0.61805
1359,binance,THETA/EUR,1.1345
1360,binance,XVG/BUSD,0.003332
1361,binance,EPS/BTC,0.0
1362,binance,EPS/BUSD,0.0
1363,binance,EPS/USDT,0.0
1364,binance,AUTO/BTC,0.0131
1365,binance,AUTO/BUSD,304.45000000000005
1366,binance,AUTO/USDT,304.45
1367,binance,TKO/BTC,1.6055e-05
1368,binance,TKO/BIDR,5726.995
1369,binance,TKO/BUSD,0.37355
1370,binance,TKO/USDT,0.37345
1371,binance,PUNDIX/ETH,0.00034235
1372,binance,PUNDIX/USDT,0.551
1373,binance,BTT/BRL,0.0
1374,binance,BTT/EUR,0.0
1375,binance,HOT/EUR,0.0019525
1376,binance,WIN/EUR,9.6e-05
1377,binance,TLM/BTC,1.015e-06
1378,binance,TLM/BUSD,0.023710000000000002
1379,binance,TLM/USDT,0.0237
1380,binance,1INCHUP/USDT,0.0
1381,binance,1INCHDOWN/USDT,0.0
1382,binance,BTG/BUSD,0.0
1383,binance,BTG/USDT,0.0
1384,binance,HOT/BUSD,0.002057
1385,binance,BNB/UAH,12089.5
1386,binance,ONT/TRY,4.885999999999999
1387,binance,VET/EUR,0.026235
1388,binance,VET/GBP,0.023225
1389,binance,WIN/BRL,0.000527
1390,binance,MIR/BTC,0.0
1391,binance,MIR/BUSD,0.12779000000000001
1392,binance,MIR/USDT,0.0
1393,binance,BAR/BTC,0.0001788
1394,binance,BAR/BUSD,4.155
1395,binance,BAR/USDT,4.16
1396,binance,FORTH/BTC,0.00019099999999999998
1397,binance,FORTH/BUSD,4.4399999999999995
1398,binance,FORTH/USDT,4.445
1399,binance,CAKE/GBP,0.0
1400,binance,DOGE/RUB,6.194
1401,binance,HOT/BRL,0.0
1402,binance,WRX/EUR,0.0
1403,binance,EZ/BTC,0.0
1404,binance,EZ/ETH,0.0
1405,binance,BAKE/USDT,0.25515
1406,binance,BURGER/BUSD,0.78775
1407,binance,BURGER/USDT,0.7878499999999999
1408,binance,SLP/BUSD,0.0033025
1409,binance,SLP/USDT,0.0033005
1410,binance,TRX/AUD,0.0
1411,binance,TRX/EUR,0.06584999999999999
1412,binance,VET/TRY,0.53725
1413,binance,SHIB/USDT,1.2525e-05
1414,binance,SHIB/BUSD,1.2525e-05
1415,binance,ICP/BTC,0.00026445
1416,binance,ICP/BNB,0.02024
1417,binance,ICP/BUSD,6.151
1418,binance,ICP/USDT,6.1515
1419,binance,SHIB/EUR,1.1895e-05
1420,binance,SHIB/RUB,0.0
1421,binance,ETC/EUR,20.165
1422,binance,ETC/BRL,0.0
1423,binance,DOGE/BIDR,1247.5
1424,binance,AR/BTC,0.0004346
1425,binance,AR/BNB,0.033255
1426,binance,AR/BUSD,10.11
1427,binance,AR/USDT,10.105
1428,binance,POLS/BTC,2.2965e-05
1429,binance,POLS/BNB,0.0017555
1430,binance,POLS/BUSD,0.534
1431,binance,POLS/USDT,0.5335000000000001
1432,binance,MDX/BTC,4.395e-06
1433,binance,MDX/BNB,0.0
1434,binance,MDX/BUSD,0.10225000000000001
1435,binance,MDX/USDT,0.10225000000000001
1436,binance,MASK/BNB,0.012135
1437,binance,MASK/BUSD,3.6879999999999997
1438,binance,MASK/USDT,3.6885000000000003
1439,binance,LPT/BTC,0.00032655
1440,binance,LPT/BNB,0.025125
1441,binance,LPT/BUSD,7.595
1442,binance,LPT/USDT,7.595
1443,binance,ETH/UAH,63995.0
1444,binance,MATIC/BRL,6.662000000000001
1445,binance,SOL/EUR,21.705
1446,binance,SHIB/BRL,6.5335e-05
1447,binance,AGIX/BTC,1.7595e-05
1448,binance,ICP/EUR,5.8420000000000005
1449,binance,MATIC/GBP,1.07145
1450,binance,SHIB/TRY,0.000243405
1451,binance,MATIC/BIDR,19583.0
1452,binance,MATIC/RUB,97.195
1453,binance,NU/BTC,0.0
1454,binance,NU/BNB,0.0
1455,binance,NU/BUSD,0.0
1456,binance,NU/USDT,0.0
1457,binance,XVG/USDT,0.0033315000000000003
1458,binance,RLC/BUSD,0.0
1459,binance,CELR/BUSD,0.020585
1460,binance,ATM/BUSD,3.2350000000000003
1461,binance,ZEN/BUSD,12.495000000000001
1462,binance,FTM/BUSD,0.46225
1463,binance,THETA/BUSD,1.1955
1464,binance,WIN/BUSD,0.000101
1465,binance,KAVA/BUSD,0.8625
1466,binance,XEM/BUSD,0.0
1467,binance,ATA/BTC,7.7e-06
1468,binance,ATA/BNB,0.0
1469,binance,ATA/BUSD,0.17905
1470,binance,ATA/USDT,0.17915
1471,binance,GTC/BTC,8.815e-05
1472,binance,GTC/BNB,0.0
1473,binance,GTC/BUSD,2.051
1474,binance,GTC/USDT,2.0495
1475,binance,TORN/BTC,0.0
1476,binance,TORN/BNB,0.0
1477,binance,TORN/BUSD,8.004999999999999
1478,binance,TORN/USDT,0.0
1479,binance,MATIC/TRY,24.836
1480,binance,ETC/GBP,0.0
1481,binance,SOL/GBP,19.165
1482,binance,BAKE/BTC,1.0974999999999999e-05
1483,binance,COTI/BUSD,0.08845
1484,binance,KEEP/BTC,0.0
1485,binance,KEEP/BNB,0.0
1486,binance,KEEP/BUSD,0.0
1487,binance,KEEP/USDT,0.0
1488,binance,SOL/TRY,444.29999999999995
1489,binance,RUNE/GBP,1.3615
1490,binance,SOL/BRL,119.15
1491,binance,SC/BUSD,0.0042450000000000005
1492,binance,CHR/BUSD,0.17645
1493,binance,STMX/BUSD,0.0070495
1494,binance,HNT/BUSD,2.7275
1495,binance,FTT/BUSD,1.50725
1496,binance,DOCK/BUSD,0.023645
1497,binance,ADA/BIDR,5581.0
1498,binance,ERN/BNB,0.0
1499,binance,ERN/BUSD,2.2845
1500,binance,ERN/USDT,2.285
1501,binance,KLAY/BTC,1.3255000000000001e-05
1502,binance,KLAY/BNB,0.0010149999999999998
1503,binance,KLAY/BUSD,0.30820000000000003
1504,binance,KLAY/USDT,0.30815
1505,binance,RUNE/EUR,1.542
1506,binance,MATIC/AUD,1.89975
1507,binance,DOT/RUB,501.75
1508,binance,UTK/BUSD,0.11985000000000001
1509,binance,IOTX/BUSD,0.028165000000000003
1510,binance,PHA/USDT,0.16985
1511,binance,SOL/RUB,1738.0
1512,binance,RUNE/AUD,0.0
1513,binance,BUSD/UAH,39.785
1514,binance,BOND/BTC,0.00020815
1515,binance,BOND/BNB,0.0
1516,binance,BOND/BUSD,4.834
1517,binance,BOND/USDT,4.8335
1518,binance,MLN/BTC,0.0011505
1519,binance,MLN/BNB,0.0
1520,binance,MLN/BUSD,26.84
1521,binance,MLN/USDT,26.81
1522,binance,GRT/TRY,3.0404999999999998
1523,binance,CAKE/BRL,0.0
1524,binance,ICP/RUB,0.0
1525,binance,DOT/AUD,9.809000000000001
1526,binance,AAVE/BRL,0.0
1527,binance,EOS/AUD,0.0
1528,binance,DEXE/USDT,3.074
1529,binance,LTO/BUSD,0.12385
1530,binance,ADX/BUSD,0.19215
1531,binance,QUICK/BTC,0.004843
1532,binance,QUICK/BNB,0.0
1533,binance,QUICK/BUSD,112.55
1534,binance,C98/USDT,0.2831
1535,binance,C98/BUSD,0.28325
1536,binance,C98/BNB,0.0
1537,binance,C98/BTC,1.2175000000000001e-05
1538,binance,CLV/BTC,3.525e-06
1539,binance,CLV/BNB,0.0002705
1540,binance,CLV/BUSD,0.082125
1541,binance,CLV/USDT,0.08210999999999999
1542,binance,QNT/BTC,0.0057245
1543,binance,QNT/BNB,0.43815
1544,binance,QNT/BUSD,133.14999999999998
1545,binance,QNT/USDT,133.05
1546,binance,FLOW/BTC,5.2025e-05
1547,binance,FLOW/BNB,0.003985000000000001
1548,binance,FLOW/BUSD,1.2095
1549,binance,FLOW/USDT,1.2095
1550,binance,XEC/BUSD,3.489e-05
1551,binance,AXS/BRL,51.35
1552,binance,AXS/AUD,14.655000000000001
1553,binance,TVK/USDT,0.04675
1554,binance,MINA/BTC,4.0735e-05
1555,binance,MINA/BNB,0.0031165
1556,binance,MINA/BUSD,0.9475
1557,binance,MINA/USDT,0.9475
1558,binance,RAY/BNB,0.000926
1559,binance,RAY/BUSD,0.28185
1560,binance,RAY/USDT,0.28195000000000003
1561,binance,FARM/BTC,0.001822
1562,binance,FARM/BNB,0.0
1563,binance,FARM/BUSD,42.349999999999994
1564,binance,FARM/USDT,42.4
1565,binance,ALPACA/BTC,1.3705e-05
1566,binance,ALPACA/BNB,0.0
1567,binance,ALPACA/BUSD,0.31875
1568,binance,ALPACA/USDT,0.3186
1569,binance,TLM/TRY,0.4605
1570,binance,QUICK/USDT,112.5
1571,binance,ORN/BUSD,1.0875
1572,binance,MBOX/BTC,2.3525e-05
1573,binance,MBOX/BNB,0.0017965
1574,binance,MBOX/BUSD,0.5465
1575,binance,MBOX/USDT,0.5465
1576,binance,VGX/BTC,0.0
1577,binance,VGX/ETH,0.0
1578,binance,FOR/USDT,0.023025
1579,binance,REQ/USDT,0.11044999999999999
1580,binance,GHST/USDT,1.5379999999999998
1581,binance,TRU/RUB,0.0
1582,binance,FIS/BRL,3.7995
1583,binance,WAXP/USDT,0.08185
1584,binance,WAXP/BUSD,0.08174999999999999
1585,binance,WAXP/BNB,0.00026900000000000003
1586,binance,WAXP/BTC,3.52e-06
1587,binance,TRIBE/BTC,0.0
1588,binance,TRIBE/BNB,0.0
1589,binance,TRIBE/BUSD,0.0
1590,binance,TRIBE/USDT,0.0
1591,binance,GNO/USDT,106.25
1592,binance,GNO/BUSD,0.0
1593,binance,GNO/BNB,0.0
1594,binance,GNO/BTC,0.0
1595,binance,ARPA/TRY,0.8318
1596,binance,PROM/BTC,0.0002352
1597,binance,MTL/BUSD,1.2955
1598,binance,OGN/BUSD,0.13455
1599,binance,XEC/USDT,3.4875e-05
1600,binance,C98/BRL,0.0
1601,binance,SOL/AUD,33.96
1602,binance,XRP/BIDR,5790.5
1603,binance,POLY/BUSD,0.0
1604,binance,ELF/USDT,0.28205
1605,binance,DYDX/USDT,2.8525
1606,binance,DYDX/BUSD,2.8529999999999998
1607,binance,DYDX/BNB,0.009391
1608,binance,DYDX/BTC,0.000122665
1609,binance,ELF/BUSD,0.28215
1610,binance,POLY/USDT,0.0
1611,binance,IDEX/USDT,0.06312000000000001
1612,binance,VIDT/USDT,0.0421
1613,binance,SOL/BIDR,350210.0
1614,binance,AXS/BIDR,152798.0
1615,binance,BTC/USDP,0.0
1616,binance,ETH/USDP,0.0
1617,binance,BNB/USDP,0.0
1618,binance,USDP/BUSD,0.0
1619,binance,USDP/USDT,0.0
1620,binance,GALA/USDT,0.040565000000000004
1621,binance,GALA/BUSD,0.040555
1622,binance,GALA/BNB,0.000133525
1623,binance,GALA/BTC,1.745e-06
1624,binance,FTM/BIDR,0.0
1625,binance,ALGO/BIDR,0.0
1626,binance,CAKE/AUD,0.0
1627,binance,KSM/AUD,0.0
1628,binance,WAVES/RUB,0.0
1629,binance,SUN/BUSD,0.007195
1630,binance,ILV/USDT,74.905
1631,binance,ILV/BUSD,74.96000000000001
1632,binance,ILV/BNB,0.2469
1633,binance,ILV/BTC,0.003221
1634,binance,REN/BUSD,0.0940055
1635,binance,YGG/USDT,0.31520000000000004
1636,binance,YGG/BUSD,0.31520000000000004
1637,binance,YGG/BNB,0.001036
1638,binance,YGG/BTC,1.3535e-05
1639,binance,STX/BUSD,0.7478
1640,binance,SYS/USDT,0.18255
1641,binance,DF/USDT,0.054349999999999996
1642,binance,SOL/USDC,0.0
1643,binance,ARPA/RUB,3.2359999999999998
1644,binance,LTC/UAH,3748.5
1645,binance,FET/BUSD,0.42695
1646,binance,ARPA/BUSD,0.04279
1647,binance,LSK/BUSD,1.1865
1648,binance,AVAX/BIDR,0.0
1649,binance,ALICE/BIDR,0.0
1650,binance,FIDA/USDT,0.4945
1651,binance,FIDA/BUSD,0.49429999999999996
1652,binance,FIDA/BNB,0.0
1653,binance,FIDA/BTC,2.1265e-05
1654,binance,DENT/BUSD,0.001203
1655,binance,FRONT/USDT,0.2492
1656,binance,CVP/USDT,0.5374
1657,binance,AGLD/BTC,2.5535e-05
1658,binance,AGLD/BNB,0.0
1659,binance,AGLD/BUSD,0.593
1660,binance,AGLD/USDT,0.5934999999999999
1661,binance,RAD/BTC,8.630000000000001e-05
1662,binance,RAD/BNB,0.0066300000000000005
1663,binance,RAD/BUSD,2.011
1664,binance,RAD/USDT,2.009
1665,binance,UNI/AUD,0.0
1666,binance,HIVE/BUSD,0.45699999999999996
1667,binance,STPT/BUSD,0.05308499999999999
1668,binance,BETA/BTC,4.45e-06
1669,binance,BETA/BNB,0.00034040000000000003
1670,binance,BETA/BUSD,0.10334
1671,binance,BETA/USDT,0.103325
1672,binance,SHIB/AUD,1.8615e-05
1673,binance,RARE/BTC,6.965e-06
1674,binance,RARE/BNB,0.0
1675,binance,RARE/BUSD,0.1619
1676,binance,RARE/USDT,0.16205
1677,binance,AVAX/BRL,94.85
1678,binance,AVAX/AUD,27.075
1679,binance,LUNA/AUD,0.0
1680,binance,TROY/BUSD,0.0034745
1681,binance,AXS/ETH,0.006125
1682,binance,FTM/ETH,0.00028735
1683,binance,SOL/ETH,0.014215
1684,binance,SSV/BTC,0.0018754
1685,binance,SSV/ETH,0.0271075
1686,binance,LAZIO/TRY,63.006
1687,binance,LAZIO/EUR,3.07995
1688,binance,LAZIO/BTC,0.000139235
1689,binance,LAZIO/USDT,3.24195
1690,binance,CHESS/BTC,1.4715e-05
1691,binance,CHESS/BNB,0.0
1692,binance,CHESS/BUSD,0.34245000000000003
1693,binance,CHESS/USDT,0.34235000000000004
1694,binance,FTM/AUD,0.6874
1695,binance,FTM/BRL,2.4105
1696,binance,SCRT/BUSD,0.8294999999999999
1697,binance,ADX/USDT,0.1921
1698,binance,AUCTION/USDT,6.335
1699,binance,CELO/BUSD,0.7835000000000001
1700,binance,FTM/RUB,35.2
1701,binance,NU/AUD,0.0
1702,binance,NU/RUB,0.0
1703,binance,REEF/TRY,0.06455
1704,binance,REEF/BIDR,0.0
1705,binance,SHIB/DOGE,0.00015385
1706,binance,DAR/USDT,0.20884999999999998
1707,binance,DAR/BUSD,0.20887
1708,binance,DAR/BNB,0.00068691
1709,binance,DAR/BTC,8.98e-06
1710,binance,BNX/BTC,5.6315e-05
1711,binance,BNX/BNB,0.004309
1712,binance,BNX/BUSD,1.3094999999999999
1713,binance,BNX/USDT,1.3094999999999999
1714,binance,RGT/USDT,0.0
1715,binance,RGT/BTC,0.0
1716,binance,RGT/BUSD,0.0
1717,binance,RGT/BNB,0.0
1718,binance,LAZIO/BUSD,3.2426500000000003
1719,binance,OXT/BUSD,0.09705
1720,binance,MANA/TRY,12.735
1721,binance,ALGO/RUB,19.255000000000003
1722,binance,SHIB/UAH,0.0
1723,binance,LUNA/BIDR,0.0
1724,binance,AUD/USDC,0.0
1725,binance,MOVR/BTC,0.00043585
1726,binance,MOVR/BNB,0.0
1727,binance,MOVR/BUSD,10.14
1728,binance,MOVR/USDT,10.145
1729,binance,CITY/BTC,0.00020544999999999998
1730,binance,CITY/BNB,0.01575
1731,binance,CITY/BUSD,4.785
1732,binance,CITY/USDT,4.775
1733,binance,ENS/BTC,0.0006797
1734,binance,ENS/BNB,0.052000000000000005
1735,binance,ENS/BUSD,15.82
1736,binance,ENS/USDT,15.815000000000001
1737,binance,SAND/ETH,0.0004426
1738,binance,DOT/ETH,0.0041010000000000005
1739,binance,MATIC/ETH,0.0007944
1740,binance,ANKR/BUSD,0.04209
1741,binance,SAND/TRY,13.835
1742,binance,MANA/BRL,3.418
1743,binance,KP3R/USDT,94.80000000000001
1744,binance,QI/USDT,0.01098
1745,binance,QI/BUSD,0.010974999999999999
1746,binance,QI/BNB,0.0
1747,binance,QI/BTC,4.75e-07
1748,binance,PORTO/BTC,0.00012239
1749,binance,PORTO/USDT,2.8468
1750,binance,PORTO/TRY,55.295
1751,binance,PORTO/EUR,2.70265
1752,binance,POWR/USDT,0.20655
1753,binance,POWR/BUSD,0.2066
1754,binance,AVAX/ETH,0.011315
1755,binance,SLP/TRY,0.06414
1756,binance,FIS/TRY,0.0
1757,binance,LRC/TRY,7.05
1758,binance,CHR/ETH,0.00010975
1759,binance,FIS/BIDR,0.0
1760,binance,VGX/USDT,0.4435
1761,binance,GALA/ETH,2.522e-05
1762,binance,JASMY/USDT,0.006184500000000001
1763,binance,JASMY/BUSD,0.0061849999999999995
1764,binance,JASMY/BNB,2.0325e-05
1765,binance,JASMY/BTC,2.65e-07
1766,binance,AMP/BTC,2.55e-07
1767,binance,AMP/BNB,0.0
1768,binance,AMP/BUSD,0.005974999999999999
1769,binance,AMP/USDT,0.005974999999999999
1770,binance,PLA/BTC,1.1055e-05
1771,binance,PLA/BNB,0.00084465
1772,binance,PLA/BUSD,0.25680000000000003
1773,binance,PLA/USDT,0.25675000000000003
1774,binance,PYR/BTC,0.00015765
1775,binance,PYR/BUSD,3.665
1776,binance,PYR/USDT,3.665
1777,binance,RNDR/BTC,6.170000000000001e-05
1778,binance,RNDR/USDT,1.4344999999999999
1779,binance,RNDR/BUSD,1.4344999999999999
1780,binance,ALCX/BTC,0.0009585
1781,binance,ALCX/BUSD,22.295
1782,binance,ALCX/USDT,22.295
1783,binance,SANTOS/BTC,0.000230995
1784,binance,SANTOS/USDT,5.372999999999999
1785,binance,SANTOS/BRL,28.09
1786,binance,SANTOS/TRY,104.47
1787,binance,MC/BTC,1.751e-05
1788,binance,MC/BUSD,0.40700000000000003
1789,binance,MC/USDT,0.4075
1790,binance,BEL/TRY,15.76
1791,binance,COCOS/BUSD,2.4421
1792,binance,DENT/TRY,0.023364999999999997
1793,binance,ENJ/TRY,9.285
1794,binance,NEO/RUB,946.0
1795,binance,SAND/AUD,1.0600999999999998
1796,binance,SLP/BIDR,0.0
1797,binance,ANY/BTC,0.0
1798,binance,ANY/BUSD,0.0
1799,binance,ANY/USDT,0.0
1800,binance,BICO/BTC,2.116e-05
1801,binance,BICO/BUSD,0.492
1802,binance,BICO/USDT,0.492
1803,binance,FLUX/BTC,3.5195e-05
1804,binance,FLUX/BUSD,0.8185
1805,binance,FLUX/USDT,0.8185
1806,binance,ALICE/TRY,36.28
1807,binance,FXS/USDT,10.371500000000001
1808,binance,GALA/BRL,0.21165
1809,binance,GALA/TRY,0.78855
1810,binance,LUNA/TRY,33.519999999999996
1811,binance,REQ/BUSD,0.11030000000000001
1812,binance,SAND/BRL,3.71
1813,binance,MANA/BIDR,0.0
1814,binance,SAND/BIDR,0.0
1815,binance,VOXEL/BTC,1.2675e-05
1816,binance,VOXEL/BNB,0.00097065
1817,binance,VOXEL/BUSD,0.2946
1818,binance,VOXEL/USDT,0.29479999999999995
1819,binance,COS/BUSD,0.007485
1820,binance,CTXC/BUSD,0.26680000000000004
1821,binance,FTM/TRY,8.987
1822,binance,MANA/BNB,0.0
1823,binance,MINA/TRY,18.405
1824,binance,XTZ/TRY,23.42
1825,binance,HIGH/BTC,0.000121485
1826,binance,HIGH/BUSD,2.8265000000000002
1827,binance,HIGH/USDT,2.826
1828,binance,CVX/BTC,0.00024755
1829,binance,CVX/BUSD,5.762499999999999
1830,binance,CVX/USDT,5.7635000000000005
1831,binance,PEOPLE/BTC,1.1350000000000001e-06
1832,binance,PEOPLE/BUSD,0.026314999999999998
1833,binance,PEOPLE/USDT,0.026305000000000002
1834,binance,OOKI/BUSD,0.0053
1835,binance,OOKI/USDT,0.005295
1836,binance,COCOS/TRY,47.435
1837,binance,GXS/BNB,0.0
1838,binance,LINK/BNB,0.02441
1839,binance,LUNA/ETH,0.0
1840,binance,MDT/BUSD,0.06122
1841,binance,NULS/BUSD,0.28125
1842,binance,SPELL/BTC,0.0
1843,binance,SPELL/USDT,0.0008435999999999999
1844,binance,SPELL/BUSD,0.0008438
1845,binance,UST/BTC,0.0
1846,binance,UST/BUSD,0.0
1847,binance,UST/USDT,0.0
1848,binance,JOE/BTC,1.0855e-05
1849,binance,JOE/BUSD,0.25234999999999996
1850,binance,JOE/USDT,0.25225
1851,binance,ATOM/ETH,0.008043999999999999
1852,binance,DUSK/BUSD,0.21175
1853,binance,EGLD/ETH,0.03027
1854,binance,ICP/ETH,0.003823
1855,binance,LUNA/BRL,0.0
1856,binance,LUNA/UST,0.0
1857,binance,NEAR/ETH,0.0014550000000000001
1858,binance,ROSE/BNB,0.0
1859,binance,VOXEL/ETH,0.0
1860,binance,ALICE/BNB,0.006139
1861,binance,ATOM/TRY,251.45
1862,binance,ETH/UST,0.0
1863,binance,GALA/AUD,0.06032
1864,binance,LRC/BNB,0.0011944999999999998
1865,binance,ONE/ETH,1.372e-05
1866,binance,OOKI/BNB,0.0
1867,binance,ACH/BTC,1.655e-06
1868,binance,ACH/BUSD,0.03852
1869,binance,ACH/USDT,0.03851
1870,binance,IMX/BTC,4.162e-05
1871,binance,IMX/BUSD,0.9675
1872,binance,IMX/USDT,0.9675
1873,binance,GLMR/BTC,1.936e-05
1874,binance,GLMR/BUSD,0.45035000000000003
1875,binance,GLMR/USDT,0.45030000000000003
1876,binance,ATOM/BIDR,0.0
1877,binance,DYDX/ETH,0.0
1878,binance,FARM/ETH,0.0
1879,binance,FOR/BNB,0.0
1880,binance,ICP/TRY,119.55000000000001
1881,binance,JASMY/ETH,3.845e-06
1882,binance,LINA/BNB,0.0
1883,binance,OOKI/ETH,0.0
1884,binance,ROSE/ETH,4.2199999999999996e-05
1885,binance,UMA/BUSD,2.1945
1886,binance,UNI/ETH,0.0040680000000000004
1887,binance,XTZ/ETH,0.000749
1888,binance,LOKA/BTC,2.523e-05
1889,binance,LOKA/BNB,0.0019325
1890,binance,LOKA/BUSD,0.5874999999999999
1891,binance,LOKA/USDT,0.58765
1892,binance,ATOM/BRL,0.0
1893,binance,BNB/UST,0.0
1894,binance,CRV/ETH,0.0006255
1895,binance,HIGH/BNB,0.009291500000000001
1896,binance,NEAR/RUB,177.35000000000002
1897,binance,ROSE/TRY,1.3199999999999998
1898,binance,SCRT/USDT,0.83
1899,binance,API3/BTC,6.751e-05
1900,binance,API3/BUSD,1.5699999999999998
1901,binance,API3/USDT,1.5705
1902,binance,BTTC/USDT,7.05e-07
1903,binance,BTTC/USDC,0.0
1904,binance,BTTC/TRY,1.3729999999999999e-05
1905,binance,ACA/BTC,5.995e-06
1906,binance,ACA/BUSD,0.13955
1907,binance,ACA/USDT,0.13935
1908,binance,ANC/BTC,0.0
1909,binance,ANC/BUSD,0.031420000000000003
1910,binance,ANC/USDT,0.0
1911,binance,BDOT/DOT,0.8183
1912,binance,XNO/BTC,3.9155e-05
1913,binance,XNO/ETH,0.00056695
1914,binance,XNO/BUSD,0.9095
1915,binance,XNO/USDT,0.9095
1916,binance,COS/TRY,0.14525
1917,binance,KAVA/ETH,0.000536
1918,binance,MC/BNB,0.0013405000000000001
1919,binance,ONE/TRY,0.4295
1920,binance,WOO/BTC,9.435e-06
1921,binance,WOO/BNB,0.0007214999999999999
1922,binance,WOO/BUSD,0.2193
1923,binance,WOO/USDT,0.21925
1924,binance,CELR/ETH,0.0
1925,binance,PEOPLE/BNB,8.6575e-05
1926,binance,SLP/BNB,0.0
1927,binance,SPELL/BNB,0.0
1928,binance,SPELL/TRY,0.016405000000000003
1929,binance,TFUEL/BUSD,0.06125
1930,binance,AXS/TRY,191.55
1931,binance,DAR/TRY,4.055
1932,binance,NEAR/TRY,45.489999999999995
1933,binance,IDEX/BNB,0.00020775
1934,binance,ALPINE/EUR,2.87645
1935,binance,ALPINE/TRY,58.935
1936,binance,ALPINE/USDT,3.0297
1937,binance,ALPINE/BTC,0.00013023
1938,binance,T/USDT,0.039375
1939,binance,T/BUSD,0.039355
1940,binance,API3/BNB,0.0
1941,binance,BETA/ETH,6.429999999999999e-05
1942,binance,INJ/TRY,72.38499999999999
1943,binance,TLM/BNB,0.0
1944,binance,ASTR/BUSD,0.07885
1945,binance,ASTR/USDT,0.07885
1946,binance,API3/TRY,30.575000000000003
1947,binance,GLMR/BNB,0.001484
1948,binance,MBOX/TRY,10.629999999999999
1949,binance,NBT/BIDR,69.15
1950,binance,NBT/USDT,0.004535
1951,binance,GMT/BTC,1.6025e-05
1952,binance,GMT/BNB,0.001226
1953,binance,GMT/BUSD,0.37265
1954,binance,GMT/USDT,0.37255
1955,binance,ANC/BNB,0.0
1956,binance,ATOM/EUR,12.29
1957,binance,GALA/EUR,0.038515
1958,binance,KSM/ETH,0.0
1959,binance,UMA/TRY,42.650000000000006
1960,binance,KDA/BTC,4.8100000000000004e-05
1961,binance,KDA/BUSD,1.1185
1962,binance,KDA/USDT,1.1185
1963,binance,APE/USDT,5.1175
1964,binance,APE/BUSD,5.118
1965,binance,APE/BTC,0.00022005
1966,binance,ALPINE/BUSD,3.02925
1967,binance,LUNA/GBP,0.0
1968,binance,NEAR/EUR,2.2235
1969,binance,TWT/TRY,27.035
1970,binance,WAVES/EUR,2.4545
1971,binance,APE/EUR,4.859999999999999
1972,binance,APE/GBP,0.0
1973,binance,APE/TRY,99.45
1974,binance,BSW/USDT,0.22394999999999998
1975,binance,BSW/BUSD,0.2239
1976,binance,BSW/BNB,0.0007356
1977,binance,APE/BNB,0.016845
1978,binance,GMT/BRL,1.9405000000000001
1979,binance,GMT/ETH,0.0002316
1980,binance,JASMY/TRY,0.120251
1981,binance,SANTOS/BUSD,5.373
1982,binance,APE/AUD,7.607
1983,binance,BIFI/USDT,461.35
1984,binance,GMT/EUR,0.35375
1985,binance,IMX/BNB,0.003193
1986,binance,RUNE/ETH,0.0010084999999999998
1987,binance,AVAX/GBP,15.245
1988,binance,MULTI/BTC,0.00046185
1989,binance,MULTI/BUSD,10.74
1990,binance,MULTI/USDT,10.745000000000001
1991,binance,APE/ETH,0.0031815
1992,binance,BSW/ETH,0.0
1993,binance,FIL/TRY,131.57
1994,binance,FTM/EUR,0.43895
1995,binance,GMT/GBP,0.31255
1996,binance,ZIL/TRY,0.6325000000000001
1997,binance,GMT/TRY,7.245
1998,binance,WAVES/TRY,49.95
1999,binance,BTC/UST,0.0
2000,binance,ASTR/BTC,3.395e-06
2001,binance,ASTR/ETH,0.0
2002,binance,BSW/TRY,4.35
2003,binance,FTT/ETH,0.0
2004,binance,FUN/BNB,2.314e-05
2005,binance,PORTO/BUSD,2.8472999999999997
2006,binance,STEEM/USDT,0.23995
2007,binance,ZIL/EUR,0.0
2008,binance,APE/BRL,26.725
2009,binance,AUDIO/TRY,6.5455000000000005
2010,binance,BTTC/BUSD,7.05e-07
2011,binance,GMT/AUD,0.5537000000000001
2012,binance,MBL/BUSD,0.003922999999999999
2013,binance,MOB/USDT,1.7850000000000001
2014,binance,MOB/BUSD,1.7854999999999999
2015,binance,MOB/BTC,7.679e-05
2016,binance,NEXO/USDT,0.7115
2017,binance,NEXO/BUSD,0.712
2018,binance,NEXO/BTC,3.06e-05
2019,binance,REI/USDT,0.035199999999999995
2020,binance,REI/BNB,0.00011585
2021,binance,REI/ETH,0.0
2022,binance,GAL/USDT,1.9255
2023,binance,GAL/BUSD,1.9264999999999999
2024,binance,GAL/BNB,0.006336
2025,binance,GAL/BTC,8.284e-05
2026,binance,JASMY/EUR,0.0058705
2027,binance,KNC/BNB,0.0029975
2028,binance,SHIB/GBP,0.0
2029,binance,GAL/EUR,1.83
2030,binance,GAL/TRY,37.45
2031,binance,LDO/BUSD,3.0625
2032,binance,LDO/USDT,3.0625
2033,binance,LDO/BTC,0.00013173
2034,binance,ENS/TRY,307.6
2035,binance,DAR/EUR,0.198265
2036,binance,DAR/ETH,0.0
2037,binance,ALGO/ETH,0.00015685
2038,binance,ALGO/TRY,4.9030000000000005
2039,binance,GAL/ETH,0.0011985
2040,binance,EPX/USDT,0.0003625
2041,binance,EPX/BUSD,0.000362
2042,binance,RUNE/TRY,31.51
2043,binance,GAL/BRL,10.025
2044,binance,STEEM/BUSD,0.2403
2045,binance,CVC/BUSD,0.1197
2046,binance,REI/BUSD,0.035100000000000006
2047,binance,DREP/BUSD,0.52965
2048,binance,AKRO/BUSD,0.004675
2049,binance,PUNDIX/BUSD,0.5505
2050,binance,LUNC/BUSD,0.000161815
2051,binance,USTC/BUSD,0.028281010000000002
2052,binance,OP/BTC,0.00012393000000000001
2053,binance,OP/BUSD,2.8825000000000003
2054,binance,OP/USDT,2.8815
2055,binance,OG/BUSD,2.8845
2056,binance,KEY/BUSD,0.012954
2057,binance,ASR/BUSD,2.8845
2058,binance,FIRO/BUSD,2.5235
2059,binance,NKN/BUSD,0.12154999999999999
2060,binance,OP/BNB,0.009483499999999999
2061,binance,OP/EUR,2.737
2062,binance,GTO/BUSD,0.0
2063,binance,SNX/ETH,0.0015745
2064,binance,WBTC/BUSD,23255.47
2065,binance,BEL/ETH,0.0005047999999999999
2066,binance,LIT/ETH,0.0007833499999999999
2067,binance,LEVER/USDT,0.00247
2068,binance,LEVER/BUSD,0.0024705
2069,binance,BURGER/ETH,0.0004904
2070,binance,PEOPLE/ETH,1.6345e-05
2071,binance,UNFI/ETH,0.003826
2072,binance,BOND/ETH,0.0
2073,binance,STORJ/TRY,8.535
2074,binance,OP/ETH,0.0017915000000000001
2075,binance,ETC/TRY,412.75
2076,binance,WING/ETH,0.0049175
2077,binance,FIL/ETH,0.0042115
2078,binance,GLM/BUSD,0.27190000000000003
2079,binance,SSV/BUSD,43.629999999999995
2080,binance,STG/BTC,4.3385e-05
2081,binance,STG/BUSD,1.0084
2082,binance,STG/USDT,1.0084
2083,binance,ANKR/TRY,0.8177
2084,binance,ARK/BUSD,0.39385000000000003
2085,binance,BETH/BUSD,1586.25
2086,binance,LOOM/BUSD,0.056514999999999996
2087,binance,SNM/BUSD,0.8311999999999999
2088,binance,AMB/BUSD,0.02418
2089,binance,LUNC/USDT,0.00016179
2090,binance,PHB/BUSD,1.3561
2091,binance,GAS/BUSD,3.5149999999999997
2092,binance,NEBL/BUSD,1.6555
2093,binance,PROS/BUSD,0.65855
2094,binance,VIB/BUSD,0.11124
2095,binance,GMX/BTC,0.003181
2096,binance,GMX/BUSD,73.985
2097,binance,GMX/USDT,73.985
2098,binance,AGIX/BUSD,0.409275
2099,binance,NEBL/USDT,1.657
2100,binance,SNT/BUSD,0.029375
2101,binance,POLYX/BTC,8.665e-06
2102,binance,POLYX/BUSD,0.20140000000000002
2103,binance,POLYX/USDT,0.20135
2104,binance,APT/BTC,0.0005380949999999999
2105,binance,APT/USDT,12.512799999999999
2106,binance,APT/BUSD,12.514949999999999
2107,binance,BTC/PLN,104767.0
2108,binance,ETH/PLN,7248.5
2109,binance,BUSD/PLN,4.5024999999999995
2110,binance,APT/EUR,11.8841
2111,binance,APT/TRY,243.14999999999998
2112,binance,APT/BRL,65.495
2113,binance,QKC/BUSD,0.0117085
2114,binance,OSMO/BTC,4.1445e-05
2115,binance,OSMO/USDT,0.9635
2116,binance,OSMO/BUSD,0.9635
2117,binance,HFT/BTC,3.2279999999999996e-05
2118,binance,HFT/BUSD,0.75065
2119,binance,HFT/USDT,0.7505
2120,binance,ARPA/ETH,2.661e-05
2121,binance,PHB/USDT,1.35575
2122,binance,VITE/BUSD,0.028435000000000002
2123,binance,HOOK/BTC,0.00010266
2124,binance,HOOK/USDT,2.3878500000000003
2125,binance,HOOK/BUSD,2.38855
2126,binance,HOOK/BNB,0.0078663
2127,binance,MAGIC/BTC,7.0965e-05
2128,binance,MAGIC/BUSD,1.65055
2129,binance,MAGIC/USDT,1.6505
2130,binance,BUSD/RON,4.7035
2131,binance,HIFI/ETH,0.0003095
2132,binance,HIFI/USDT,0.4968
2133,binance,RPL/BTC,0.0020765000000000002
2134,binance,RPL/BUSD,48.239999999999995
2135,binance,RPL/USDT,48.195
2136,binance,PROS/USDT,0.65865
2137,binance,FET/TRY,8.298
2138,binance,GFT/BUSD,0.08207
2139,binance,AGIX/USDT,0.4091
2140,binance,APT/ETH,0.0077775
2141,binance,BTC/RON,109431.0
2142,binance,GNS/USDT,8.336500000000001
2143,binance,GNS/BTC,0.00035865
2144,binance,SYN/BTC,5.944e-05
2145,binance,SYN/USDT,1.3822
2146,binance,VIB/USDT,0.111175
2147,binance,SSV/USDT,43.620000000000005
